exit_time,col2,net_pts,col4,col5
2023-01-03 08:30:00.001,0.524,-4.0,0.0,20
2023-01-03 08:37:06.001,0.476,1.0,0.0,0
2023-01-03 08:37:18.047,0.472,1.0,-2.0,30
2023-01-03 08:37:51.048,0.548,1.0,-0.5,2
2023-01-03 08:44:32.056,0.441,-4.0,0.0,21
2023-01-03 08:45:00.014,0.534,1.0,0.0,0
2023-01-03 08:46:03.099,0.461,1.0,-3.5,34
2023-01-03 08:47:29.049,0.457,-4.0,0.0,17
2023-01-03 08:47:47.012,0.819,-4.0,0.0,49
2023-01-03 08:48:39.000,0.451,-4.0,0.0,18
2023-01-03 08:50:02.015,0.491,1.0,0.0,0
2023-01-03 08:51:04.103,0.554,-4.0,0.0,85
2023-01-03 08:53:44.089,0.463,1.0,-0.25,5
2023-01-03 08:55:24.017,0.544,-4.0,0.0,10
2023-01-03 08:56:36.098,0.752,-4.0,0.0,26
2023-01-03 08:57:04.118,0.675,1.0,-0.25,1
2023-01-03 08:57:07.118,0.832,-4.0,0.0,56
2023-01-03 08:58:34.017,0.682,1.0,-3.0,95
2023-01-03 09:00:57.050,0.411,1.0,0.0,1
2023-01-03 09:02:37.170,0.423,1.0,-0.25,8
2023-01-03 09:03:18.098,0.463,1.0,-1.0,13
2023-01-03 09:09:48.075,0.42,-4.0,0.0,25
2023-01-03 09:10:18.000,0.501,1.0,-0.25,3
2023-01-03 09:10:28.231,0.421,1.0,-0.5,8
2023-01-03 09:10:46.025,0.451,1.0,-0.25,1
2023-01-03 09:11:37.026,0.414,1.0,-0.75,14
2023-01-03 09:13:20.021,0.514,1.0,-0.25,4
2023-01-03 09:13:43.118,0.604,1.0,-2.5,61
2023-01-03 09:15:04.151,0.514,1.0,-0.75,1
2023-01-03 09:15:09.007,0.684,1.0,-1.5,17
2023-01-03 09:15:50.049,0.414,-4.0,0.0,130
2023-01-03 09:22:05.048,0.59,1.0,-2.0,66
2023-01-03 09:25:11.307,0.534,1.0,-1.25,70
2023-01-03 09:28:09.008,0.554,1.0,0.0,1
2023-01-03 09:28:14.035,0.52,1.0,-0.5,58
2023-01-03 09:30:57.086,0.739,1.0,-1.75,8
2023-01-03 09:31:37.028,0.638,1.0,-0.25,9
2023-01-03 09:32:52.000,0.429,1.0,-2.25,87
2023-01-03 09:34:42.054,0.503,1.0,-0.75,37
2023-01-03 09:35:55.017,0.528,1.0,-1.5,178
2023-01-03 09:38:55.001,0.515,1.0,-2.0,100
2023-01-03 09:49:06.140,0.575,-4.0,0.0,122
2023-01-03 09:51:26.181,0.463,1.0,-1.25,67
2023-01-03 09:53:52.330,0.41,1.0,-2.0,92
2023-01-03 10:00:04.000,0.424,1.0,0.0,0
2023-01-03 10:00:15.302,0.532,1.0,-0.5,30
2023-01-03 10:03:07.157,0.509,-4.0,0.0,109
2023-01-03 10:06:43.105,0.436,1.0,0.0,9
2023-01-03 10:10:17.041,0.448,1.0,-0.5,6
2023-01-03 10:12:00.089,0.455,1.0,-0.5,11
2023-01-03 10:13:47.146,0.46,-4.0,0.0,59
2023-01-03 10:14:51.000,0.442,1.0,-1.5,32
2023-01-03 10:15:41.000,0.412,1.0,-2.5,130
2023-01-03 10:18:01.238,0.623,1.0,0.0,4
2023-01-03 10:18:08.026,0.716,1.0,-0.75,32
2023-01-03 10:18:41.000,0.456,-4.0,0.0,132
2023-01-03 10:23:24.053,0.513,1.5,0.0,0
2023-01-03 10:25:55.073,0.411,1.0,-1.25,24
2023-01-03 10:29:51.061,0.451,1.0,-0.25,4
2023-01-03 10:29:56.005,0.47,-4.0,0.0,42
2023-01-03 10:31:25.184,0.437,-4.0,0.0,8
2023-01-03 10:32:36.052,0.42,1.0,0.0,6
2023-01-03 10:35:16.179,0.411,1.0,0.0,0
2023-01-03 10:35:57.020,0.536,1.0,-1.5,23
2023-01-03 10:36:32.111,0.553,1.0,-1.5,124
2023-01-03 10:38:43.023,0.42,1.0,-1.0,54
2023-01-03 10:43:47.156,0.453,1.0,0.0,5
2023-01-03 10:46:20.148,0.406,1.0,-3.75,181
2023-01-03 10:51:24.376,0.507,1.0,-1.75,59
2023-01-03 10:52:35.202,0.643,1.0,-0.25,14
2023-01-03 10:53:34.008,0.467,-4.0,0.0,94
2023-01-03 10:55:33.614,0.53,1.0,-1.75,18
2023-01-03 10:56:16.025,0.49,1.0,-1.5,60
2023-01-03 10:59:50.009,0.555,1.0,-0.5,18
2023-01-03 11:00:23.708,0.401,1.0,-3.5,387
2023-01-03 11:07:49.035,0.415,1.0,-0.25,5
2023-01-03 11:08:32.119,0.496,1.0,-2.0,34
2023-01-03 11:15:45.737,0.425,1.0,-1.0,47
2023-01-03 11:18:23.437,0.447,1.0,0.0,15
2023-01-03 11:21:48.281,0.472,-4.0,0.0,95
2023-01-03 11:24:17.000,0.51,1.0,0.0,2
2023-01-03 11:24:30.044,0.718,1.0,-1.25,63
2023-01-03 11:26:44.065,0.711,1.0,-2.5,291
2023-01-03 11:32:36.061,0.442,1.0,-1.0,38
2023-01-03 11:33:32.187,0.402,1.0,-0.75,5
2023-01-03 11:33:48.147,0.422,1.0,-0.5,5
2023-01-03 11:34:26.088,0.466,-4.0,0.0,157
2023-01-03 11:37:48.337,0.479,-4.0,0.0,147
2023-01-03 11:46:04.015,0.728,-4.0,0.0,68
2023-01-03 11:47:21.188,0.528,1.0,-0.25,5
2023-01-03 11:47:59.058,0.433,1.0,-1.0,11
2023-01-03 11:48:52.110,0.553,1.0,0.0,9
2023-01-03 11:49:01.107,0.673,1.0,-2.0,85
2023-01-03 11:52:27.079,0.415,1.0,0.0,5
2023-01-03 11:52:46.382,0.72,1.0,0.0,7
2023-01-03 11:53:33.443,0.447,1.0,-0.5,58
2023-01-03 11:55:19.116,0.665,1.0,-1.5,64
2023-01-03 11:56:52.175,0.551,1.0,0.0,0
2023-01-03 12:03:48.218,0.587,1.0,-0.5,15
2023-01-03 12:07:05.509,0.684,1.0,0.0,13
2023-01-03 12:07:29.052,0.404,1.0,-0.25,17
2023-01-03 12:07:46.096,0.667,1.0,-2.5,192
2023-01-03 12:11:05.057,0.687,1.25,0.0,0
2023-01-03 12:11:27.068,0.401,1.0,0.0,22
2023-01-03 12:11:58.015,0.531,-4.0,0.0,118
2023-01-03 12:20:55.628,0.516,1.0,0.0,69
2023-01-03 12:25:39.012,0.445,1.0,-0.75,19
2023-01-03 12:26:49.216,0.443,1.0,-1.5,13
2023-01-03 12:27:48.750,0.445,1.0,-2.5,113
2023-01-03 12:31:55.419,0.495,1.0,-1.25,132
2023-01-03 12:35:53.004,0.522,1.0,-0.5,15
2023-01-03 12:40:02.256,0.747,1.0,0.0,6
2023-01-03 12:41:15.059,0.638,1.0,-0.5,26
2023-01-03 12:42:32.549,0.523,1.0,0.0,16
2023-01-03 12:46:56.041,0.8,1.0,-0.5,22
2023-01-03 12:49:16.848,0.612,1.0,-0.75,66
2023-01-03 12:50:59.026,0.504,1.0,-2.75,101
2023-01-03 12:54:12.008,0.505,1.0,-0.75,11
2023-01-03 12:54:23.346,0.462,1.0,-3.25,84
2023-01-03 12:55:55.058,0.439,1.0,-2.75,294
2023-01-03 13:02:21.292,0.504,1.0,-0.25,15
2023-01-03 13:02:45.441,0.568,1.0,-2.5,148
2023-01-03 13:06:39.036,0.634,1.0,-1.0,23
2023-01-03 13:08:25.042,0.619,1.0,0.0,3
2023-01-03 13:08:46.506,0.488,-4.0,0.0,202
2023-01-03 13:12:17.355,0.573,1.0,-0.25,5
2023-01-03 13:12:45.171,0.445,1.0,0.0,3
2023-01-03 13:13:04.195,0.445,1.0,-0.5,7
2023-01-03 13:14:40.943,0.451,1.0,-0.25,21
2023-01-03 13:15:06.570,0.471,1.0,-0.25,3
2023-01-03 13:15:17.025,0.611,1.0,-0.25,19
2023-01-03 13:17:09.215,0.436,1.0,0.0,20
2023-01-03 13:18:33.055,0.409,-4.0,0.0,319
2023-01-03 13:32:05.404,0.417,-4.0,0.0,71
2023-01-03 13:42:08.306,0.435,1.0,-0.25,61
2023-01-03 13:43:47.026,0.57,1.0,-2.5,58
2023-01-03 13:45:48.009,0.736,1.0,-0.75,8
2023-01-03 13:45:57.049,0.489,1.0,0.0,0
2023-01-03 13:46:07.013,0.456,1.0,0.0,1
2023-01-03 13:46:45.204,0.671,-4.0,0.0,26
2023-01-03 13:47:52.277,0.436,1.0,-0.25,4
2023-01-03 13:50:35.068,0.447,1.0,0.0,2
2023-01-03 13:50:53.277,0.431,-4.0,0.0,96
2023-01-03 13:53:06.165,0.404,1.0,-1.0,28
2023-01-03 13:55:14.009,0.488,1.0,-0.75,7
2023-01-03 13:56:22.054,0.441,-4.0,0.0,44
2023-01-03 14:01:52.031,0.474,1.0,0.0,7
2023-01-03 14:02:13.125,0.562,-4.0,0.0,40
2023-01-03 14:03:13.015,0.487,1.0,0.0,4
2023-01-03 14:05:36.129,0.448,-4.0,0.0,118
2023-01-03 14:07:55.724,0.467,1.0,-0.75,23
2023-01-03 14:09:01.022,0.454,1.0,-2.0,109
2023-01-03 14:11:50.024,0.703,1.0,-1.5,26
2023-01-03 14:13:03.187,0.561,1.0,-0.75,12
2023-01-03 14:13:24.434,0.425,1.0,-0.5,46
2023-01-03 14:14:28.499,0.401,1.0,0.0,2
2023-01-03 14:20:01.080,0.464,-4.0,0.0,22
2023-01-03 14:21:23.009,0.521,1.0,0.0,3
2023-01-03 14:23:18.135,0.451,1.0,-2.0,145
2023-01-03 14:26:39.061,0.409,1.0,-2.25,181
2023-01-03 14:33:25.445,0.471,1.0,-1.75,121
2023-01-03 14:37:24.204,0.614,1.0,-2.25,110
2023-01-03 14:39:29.217,0.551,1.0,-0.75,55
2023-01-03 14:44:01.001,0.575,1.0,-0.25,10
2023-01-03 14:44:57.395,0.426,1.0,-2.5,101
2023-01-03 14:48:07.092,0.464,1.0,0.0,2
2023-01-03 14:50:07.020,0.439,-4.0,0.0,22
2023-01-03 14:50:46.207,0.447,1.0,-0.75,6
2023-01-03 14:51:04.190,0.472,1.0,-0.75,19
2023-01-03 14:52:24.026,0.604,1.0,-1.5,100
2023-01-03 14:57:15.018,0.414,1.0,-0.5,32
2023-01-03 14:59:17.017,0.756,1.0,-0.25,17
2023-01-03 15:00:07.232,0.599,-4.0,0.0,62
2023-01-03 15:02:13.086,0.494,1.0,-1.75,272
2023-01-03 15:08:28.817,0.545,1.0,-1.25,201
2023-01-04 08:30:02.000,0.539,-4.0,0.0,60
2023-01-04 08:31:22.000,0.432,-4.0,0.0,19
2023-01-04 08:34:37.013,0.474,1.0,0.0,1
2023-01-04 08:34:45.123,0.431,1.0,-0.25,1
2023-01-04 08:35:19.011,0.507,1.0,-1.5,15
2023-01-04 08:38:48.047,0.415,1.0,0.0,6
2023-01-04 08:39:03.002,0.432,1.0,-1.25,20
2023-01-04 08:41:02.025,0.525,1.0,-2.25,41
2023-01-04 08:45:33.082,0.412,-4.0,0.0,43
2023-01-04 08:47:23.009,0.54,1.0,0.0,1
2023-01-04 08:48:26.083,0.81,1.0,0.0,3
2023-01-04 08:51:40.059,0.479,1.0,-0.75,5
2023-01-04 08:53:19.319,0.466,1.0,-2.5,56
2023-01-04 08:59:44.067,0.508,1.0,-0.5,5
2023-01-04 09:00:42.017,0.542,-4.0,0.0,5
2023-01-04 09:00:52.007,0.834,1.0,0.0,0
2023-01-04 09:01:20.004,0.656,1.0,0.0,0
2023-01-04 09:01:26.041,0.628,1.0,0.0,3
2023-01-04 09:02:40.008,0.436,1.0,0.0,0
2023-01-04 09:03:12.018,0.476,-4.0,0.0,20
2023-01-04 09:04:10.031,0.573,-4.0,0.0,24
2023-01-04 09:04:42.159,0.623,-4.0,0.0,8
2023-01-04 09:05:28.004,0.558,1.0,0.0,1
2023-01-04 09:07:24.165,0.48,1.0,0.0,1
2023-01-04 09:07:55.042,0.645,-4.0,0.0,77
2023-01-04 09:09:29.073,0.483,1.0,-0.75,2
2023-01-04 09:11:14.012,0.522,-4.0,0.0,32
2023-01-04 09:13:57.101,0.441,1.0,-1.25,27
2023-01-04 09:14:37.058,0.556,1.0,-2.0,20
2023-01-04 09:15:00.007,0.444,1.0,-2.75,40
2023-01-04 09:25:41.023,0.854,1.0,-3.25,138
2023-01-04 09:29:46.000,0.562,1.0,-0.75,19
2023-01-04 09:41:47.282,0.482,1.0,-0.5,29
2023-01-04 09:42:22.107,0.551,1.0,-0.75,6
2023-01-04 09:42:55.372,0.638,1.0,-2.0,33
2023-01-04 09:49:21.258,0.473,1.0,-3.5,498
2023-01-04 09:59:15.095,0.415,1.0,-2.0,46
2023-01-04 10:05:09.281,0.453,1.0,-0.25,13
2023-01-04 10:06:33.008,0.571,1.0,-0.5,15
2023-01-04 10:15:10.010,0.596,1.0,-0.25,8
2023-01-04 10:15:23.092,0.523,-4.0,0.0,162
2023-01-04 10:23:17.260,0.601,1.0,-0.25,4
2023-01-04 10:23:32.054,0.532,1.0,-2.25,242
2023-01-04 10:30:28.178,0.444,1.0,0.0,5
2023-01-04 10:31:43.036,0.537,1.0,-0.5,39
2023-01-04 10:34:00.069,0.45,1.0,-1.25,36
2023-01-04 10:34:40.083,0.699,1.0,-0.5,26
2023-01-04 10:35:08.176,0.55,1.0,-0.25,5
2023-01-04 10:44:55.029,0.722,1.0,-3.75,341
2023-01-04 10:50:37.016,0.513,1.0,-0.75,26
2023-01-04 10:51:09.161,0.456,1.0,-2.75,104
2023-01-04 10:57:22.039,0.669,-4.0,0.0,43
2023-01-04 10:58:14.128,0.46,-4.0,0.0,492
2023-01-04 11:08:07.365,0.488,1.0,0.0,10
2023-01-04 11:08:26.070,0.628,-1.5,0.0,540
2023-01-04 11:25:17.017,0.427,-4.0,0.0,260
2023-01-04 11:41:39.705,0.676,1.0,-0.75,120
2023-01-04 11:43:43.003,0.632,-4.0,0.0,300
2023-01-04 11:50:40.900,0.455,-4.0,0.0,73
2023-01-04 11:53:13.074,0.439,1.0,0.0,10
2023-01-04 11:53:34.149,0.617,1.0,-0.25,20
2023-01-04 11:56:06.120,0.63,-4.0,0.0,146
2023-01-04 12:00:54.086,0.694,-4.0,0.0,66
2023-01-04 12:14:56.145,0.552,1.0,-0.5,36
2023-01-04 12:15:32.078,0.539,1.0,0.0,5
2023-01-04 12:15:37.003,0.457,1.0,0.0,1
2023-01-04 12:34:05.441,0.495,1.0,0.0,36
2023-01-04 12:35:25.277,0.421,1.0,-0.5,52
2023-01-04 12:37:02.118,0.558,1.0,-0.75,10
2023-01-04 12:39:58.358,0.51,-4.0,0.0,457
2023-01-04 12:51:00.062,0.549,-4.0,0.0,299
2023-01-04 12:59:57.148,0.813,4.0,0.0,0
2023-01-04 13:00:11.017,0.678,-4.0,0.0,1
2023-01-04 13:01:58.004,0.619,1.0,-0.25,1
2023-01-04 13:02:10.011,0.548,-4.0,0.0,7
2023-01-04 13:02:58.032,0.706,1.0,-0.5,2
2023-01-04 13:03:11.029,0.499,-4.0,0.0,2
2023-01-04 13:03:39.013,0.448,1.0,0.0,0
2023-01-04 13:04:38.049,0.551,1.0,-1.0,9
2023-01-04 13:06:30.010,0.406,1.0,-2.0,17
2023-01-04 13:07:26.021,0.741,1.0,0.0,1
2023-01-04 13:07:35.135,0.445,1.0,-0.25,3
2023-01-04 13:07:43.156,0.537,-4.0,0.0,22
2023-01-04 13:09:22.033,0.539,1.0,0.0,1
2023-01-04 13:09:35.227,0.485,-4.0,0.0,7
2023-01-04 13:13:05.058,0.863,1.0,0.0,2
2023-01-04 13:13:28.013,0.567,1.0,0.0,3
2023-01-04 13:14:16.070,0.6,1.0,-0.75,8
2023-01-04 13:20:34.065,0.605,1.0,-1.25,31
2023-01-04 13:22:27.001,0.46,-4.0,0.0,11
2023-01-04 13:22:43.075,0.441,1.0,-0.5,10
2023-01-04 13:23:24.002,0.639,-4.0,0.0,16
2023-01-04 13:26:58.287,0.619,-4.0,0.0,61
2023-01-04 13:32:40.001,0.762,1.0,0.0,3
2023-01-04 13:33:02.180,0.488,1.0,0.0,1
2023-01-04 13:33:28.161,0.586,1.0,-1.0,22
2023-01-04 13:34:06.062,0.503,1.0,-0.75,18
2023-01-04 13:37:15.008,0.483,-4.0,0.0,79
2023-01-04 13:43:38.080,0.526,1.0,-1.5,11
2023-01-04 13:43:49.011,0.488,1.0,-3.0,125
2023-01-04 13:46:04.093,0.46,1.0,-0.25,2
2023-01-04 13:47:04.270,0.471,1.0,0.0,2
2023-01-04 13:49:31.250,0.607,-4.0,0.0,49
2023-01-04 13:51:08.054,0.441,1.0,0.0,2
2023-01-04 13:54:30.006,0.437,1.0,-0.5,35
2023-01-04 13:55:27.021,0.423,1.0,-0.25,2
2023-01-04 13:55:41.054,0.45,1.0,-0.5,13
2023-01-04 13:56:11.036,0.42,1.0,0.0,0
2023-01-04 14:01:43.019,0.737,-4.0,0.0,26
2023-01-04 14:05:07.016,0.543,-4.0,0.0,95
2023-01-04 14:07:13.355,0.437,-4.0,0.0,93
2023-01-04 14:11:07.003,0.514,1.0,-1.5,91
2023-01-04 14:12:49.193,0.63,-4.0,0.0,25
2023-01-04 14:13:34.003,0.572,1.0,0.0,5
2023-01-04 14:14:06.346,0.427,1.0,0.0,4
2023-01-04 14:14:39.022,0.514,1.0,-2.0,175
2023-01-04 14:22:38.027,0.43,1.0,-1.25,26
2023-01-04 14:23:28.024,0.447,1.0,-1.0,19
2023-01-04 14:29:53.050,0.499,1.0,-2.5,46
2023-01-04 14:30:45.219,0.412,-4.0,0.0,26
2023-01-04 14:31:38.061,0.454,-4.0,0.0,174
2023-01-04 14:36:00.060,0.624,1.0,-3.5,121
2023-01-04 14:38:02.201,0.42,1.0,-1.25,30
2023-01-04 14:40:10.038,0.494,1.0,-0.5,13
2023-01-04 14:44:21.253,0.469,1.0,-3.0,164
2023-01-04 14:49:28.023,0.429,1.0,0.0,8
2023-01-04 14:50:06.017,0.578,1.0,-2.5,82
2023-01-04 14:51:37.132,0.458,1.0,-2.5,183
2023-01-04 14:54:41.009,0.63,1.0,-0.25,9
2023-01-04 14:54:52.155,0.504,1.0,-1.0,8
2023-01-04 14:59:19.028,0.638,1.0,-0.25,4
2023-01-04 14:59:36.020,0.468,1.0,0.0,1
2023-01-04 15:00:04.007,0.748,1.0,-1.0,12
2023-01-04 15:00:17.018,0.425,-4.0,0.0,84
2023-01-04 15:01:48.083,0.708,1.0,-0.25,12
2023-01-04 15:02:30.088,0.421,1.0,-1.5,44
2023-01-04 15:03:52.182,0.428,1.0,-1.0,142
2023-01-04 15:06:20.490,0.448,-2.0,0.0,540
2023-01-04 15:15:30.612,0.444,1.0,-0.25,154
2023-01-05 08:30:09.077,0.401,1.0,0.0,2
2023-01-05 08:30:12.013,0.756,-4.0,0.0,27
2023-01-05 08:31:47.005,0.901,1.0,-3.5,39
2023-01-05 08:32:53.082,0.606,-4.0,0.0,50
2023-01-05 08:36:51.016,0.553,1.0,-0.25,5
2023-01-05 08:37:07.018,0.435,-4.0,0.0,75
2023-01-05 08:39:14.026,0.703,1.0,-0.75,11
2023-01-05 08:45:33.106,0.587,-4.0,0.0,94
2023-01-05 08:47:13.003,0.486,1.0,-0.25,6
2023-01-05 08:47:38.098,0.661,1.0,-1.5,23
2023-01-05 08:48:30.019,0.694,1.0,-0.75,27
2023-01-05 08:50:12.035,0.534,1.0,-1.0,8
2023-01-05 08:52:55.026,0.469,1.0,-1.25,19
2023-01-05 08:58:23.013,0.647,1.0,-2.0,78
2023-01-05 09:05:03.374,0.417,-4.0,0.0,34
2023-01-05 09:09:08.039,0.434,1.0,0.0,0
2023-01-05 09:12:48.019,0.507,1.0,0.0,2
2023-01-05 09:13:44.050,0.481,-4.0,0.0,132
2023-01-05 09:16:04.212,0.661,-4.0,0.0,108
2023-01-05 09:21:06.259,0.43,1.0,-0.25,5
2023-01-05 09:21:21.338,0.572,1.0,-0.25,13
2023-01-05 09:24:55.199,0.474,1.0,-0.75,9
2023-01-05 09:30:11.106,0.421,1.0,-1.75,22
2023-01-05 09:30:51.059,0.73,1.0,-2.0,21
2023-01-05 09:31:19.057,0.574,-4.0,0.0,49
2023-01-05 09:33:58.155,0.485,1.0,-0.5,10
2023-01-05 09:34:13.046,0.524,1.0,0.0,3
2023-01-05 09:34:17.004,0.579,-4.0,0.0,76
2023-01-05 09:35:44.060,0.627,1.0,0.0,16
2023-01-05 09:36:22.308,0.465,1.0,-1.0,67
2023-01-05 09:38:32.272,0.696,-4.0,0.0,140
2023-01-05 09:47:50.434,0.45,-4.0,0.0,64
2023-01-05 09:53:38.030,0.555,1.0,-0.5,20
2023-01-05 09:54:36.745,0.533,1.0,-0.5,16
2023-01-05 09:55:09.315,0.579,1.0,0.0,1
2023-01-05 09:55:11.002,0.793,-4.0,0.0,267
2023-01-05 10:03:58.034,0.704,1.0,-0.75,54
2023-01-05 10:05:44.009,0.573,1.0,-0.25,7
2023-01-05 10:06:03.350,0.464,1.0,-3.0,310
2023-01-05 10:13:57.152,0.4,-4.0,0.0,25
2023-01-05 10:20:53.593,0.441,-4.0,0.0,64
2023-01-05 10:22:17.473,0.494,1.0,-3.75,296
2023-01-05 10:32:46.623,0.463,1.0,-2.25,200
2023-01-05 10:37:23.300,0.523,-4.0,0.0,209
2023-01-05 10:41:48.226,0.433,1.0,-0.5,9
2023-01-05 10:43:33.016,0.46,1.0,-0.75,25
2023-01-05 10:49:37.187,0.468,-4.0,0.0,199
2023-01-05 10:59:19.707,0.447,1.0,-0.25,13
2023-01-05 10:59:33.228,0.69,1.0,-1.5,108
2023-01-05 11:01:30.012,0.596,1.0,0.0,1
2023-01-05 11:01:45.011,0.435,1.0,-0.5,20
2023-01-05 11:02:09.056,0.598,1.0,-0.25,13
2023-01-05 11:02:25.007,0.532,1.0,0.0,0
2023-01-05 11:02:59.013,0.421,1.0,-1.25,68
2023-01-05 11:04:35.334,0.588,1.0,-1.5,118
2023-01-05 11:10:53.324,0.459,-4.0,0.0,292
2023-01-05 11:15:54.065,0.518,1.0,-0.5,43
2023-01-05 11:17:26.062,0.43,-4.0,0.0,96
2023-01-05 11:19:03.055,0.415,1.0,-3.0,218
2023-01-05 11:30:26.228,0.523,1.0,0.0,6
2023-01-05 11:30:39.187,0.519,1.0,-0.25,6
2023-01-05 11:31:11.340,0.428,1.0,-1.5,64
2023-01-05 11:32:21.042,0.692,1.0,-1.25,120
2023-01-05 11:34:38.099,0.633,-4.0,0.0,107
2023-01-05 11:38:47.010,0.607,1.0,-0.75,38
2023-01-05 11:43:56.127,0.444,1.0,-2.25,111
2023-01-05 11:52:27.894,0.677,-2.0,0.0,540
2023-01-05 12:02:23.516,0.411,1.0,-0.25,52
2023-01-05 12:03:39.063,0.608,1.0,-0.75,115
2023-01-05 12:05:54.234,0.509,1.0,-0.25,14
2023-01-05 12:06:09.007,0.508,1.0,-0.25,6
2023-01-05 12:06:17.195,0.497,1.0,-1.5,92
2023-01-05 12:20:30.080,0.41,1.0,-0.75,2
2023-01-05 12:20:58.023,0.625,-4.0,0.0,20
2023-01-05 12:22:37.014,0.42,1.0,0.0,0
2023-01-05 12:23:30.036,0.458,1.0,-0.75,13
2023-01-05 12:24:13.171,0.501,1.0,-3.25,50
2023-01-05 12:28:11.008,0.648,1.0,0.0,3
2023-01-05 12:30:04.172,0.404,1.0,-0.25,15
2023-01-05 12:33:04.002,0.478,1.0,-0.25,7
2023-01-05 12:37:09.096,0.511,1.0,-2.0,175
2023-01-05 12:40:09.029,0.595,1.0,-0.75,31
2023-01-05 12:43:40.093,0.714,1.0,-1.5,83
2023-01-05 12:45:26.041,0.411,1.0,0.0,6
2023-01-05 12:45:58.045,0.444,1.0,-2.0,118
2023-01-05 12:48:31.408,0.569,1.0,-3.25,436
2023-01-05 12:56:28.106,0.442,-4.0,0.0,115
2023-01-05 12:58:26.068,0.404,1.0,-1.25,64
2023-01-05 13:00:10.012,0.682,1.0,-1.5,10
2023-01-05 13:00:39.078,0.447,1.0,0.0,3
2023-01-05 13:02:28.110,0.507,1.0,-0.25,18
2023-01-05 13:03:19.024,0.416,-2.75,0.0,540
2023-01-05 13:14:13.026,0.744,1.0,-3.25,125
2023-01-05 13:18:29.805,0.442,1.0,-0.5,34
2023-01-05 13:19:21.399,0.494,1.0,-0.5,26
2023-01-05 13:20:01.217,0.457,-4.0,0.0,363
2023-01-05 13:27:18.099,0.45,-4.0,0.0,87
2023-01-05 13:29:01.125,0.449,1.0,-1.75,108
2023-01-05 13:34:07.231,0.411,1.0,-0.5,95
2023-01-05 13:37:50.110,0.74,-4.0,0.0,84
2023-01-05 13:46:02.521,0.529,1.0,-1.25,182
2023-01-05 14:02:21.036,0.506,-4.0,0.0,484
2023-01-05 14:10:32.338,0.505,1.0,-2.75,303
2023-01-05 14:15:36.000,0.644,-4.0,0.0,211
2023-01-05 14:31:12.002,0.64,1.0,-0.5,25
2023-01-05 14:32:17.213,0.442,1.0,-0.25,39
2023-01-05 14:32:58.298,0.4,1.0,-0.25,4
2023-01-05 14:33:53.206,0.45,1.0,0.0,13
2023-01-05 14:35:49.067,0.436,-4.0,0.0,438
2023-01-05 14:46:23.025,0.434,-4.0,0.0,66
2023-01-05 14:50:08.026,0.438,1.0,-0.5,8
2023-01-05 14:50:23.303,0.529,1.0,0.0,3
2023-01-05 14:52:32.025,0.512,1.0,-1.25,51
2023-01-05 14:54:04.000,0.479,1.0,-0.5,24
2023-01-05 14:55:44.113,0.458,1.0,0.0,0
2023-01-05 14:55:53.137,0.401,1.0,-1.0,68
2023-01-05 14:58:46.025,0.459,1.0,-1.25,37
2023-01-05 14:59:40.009,0.789,1.0,-1.5,21
2023-01-05 15:00:09.000,0.487,1.0,-1.25,36
2023-01-05 15:10:54.008,0.43,1.0,-1.0,148
2023-01-05 15:13:56.124,0.528,1.0,-1.5,355
2023-01-05 15:24:53.603,0.495,1.0,-0.5,352
2023-01-06 08:31:07.016,0.702,1.0,0.0,2
2023-01-06 08:31:16.013,0.841,1.0,0.0,2
2023-01-06 08:31:20.029,0.526,1.0,-1.25,11
2023-01-06 08:31:37.003,0.485,1.0,0.0,2
2023-01-06 08:32:14.100,0.521,1.0,-1.0,9
2023-01-06 08:33:04.190,0.413,1.0,0.0,0
2023-01-06 08:34:14.059,0.516,1.0,-0.5,6
2023-01-06 08:34:27.036,0.586,1.0,-0.5,6
2023-01-06 08:38:19.007,0.64,1.0,-0.5,1
2023-01-06 08:39:33.002,0.495,1.0,0.0,1
2023-01-06 08:45:05.010,0.511,1.0,0.0,0
2023-01-06 08:49:04.136,0.556,1.0,0.0,2
2023-01-06 08:55:34.047,0.447,1.0,-0.5,9
2023-01-06 08:57:04.047,0.426,-4.0,0.0,36
2023-01-06 08:57:48.031,0.575,1.0,-0.75,14
2023-01-06 08:59:02.404,0.458,1.0,0.0,2
2023-01-06 08:59:46.180,0.696,1.0,-0.25,14
2023-01-06 09:00:51.039,0.457,1.0,-0.5,1
2023-01-06 09:00:59.005,0.569,1.0,-1.75,4
2023-01-06 09:01:27.041,0.688,1.0,0.0,2
2023-01-06 09:01:30.018,0.512,1.0,0.0,1
2023-01-06 09:02:01.028,0.565,1.0,0.0,0
2023-01-06 09:02:42.003,0.616,1.0,0.0,0
2023-01-06 09:03:56.010,0.602,1.0,-0.75,4
2023-01-06 09:04:02.110,0.703,1.0,0.0,0
2023-01-06 09:04:41.008,0.479,1.0,-1.5,8
2023-01-06 09:05:17.097,0.464,1.0,-0.25,1
2023-01-06 09:05:37.074,0.426,1.0,-0.75,8
2023-01-06 09:06:08.021,0.441,1.0,-0.5,1
2023-01-06 09:07:25.092,0.408,1.0,0.0,2
2023-01-06 09:08:15.021,0.506,1.0,-2.0,15
2023-01-06 09:13:31.069,0.685,1.0,-0.5,6
2023-01-06 09:15:45.016,0.776,1.0,-0.25,3
2023-01-06 09:16:15.160,0.584,1.0,0.0,7
2023-01-06 09:17:15.010,0.431,1.0,0.0,2
2023-01-06 09:17:26.028,0.561,1.0,-1.0,6
2023-01-06 09:18:32.019,0.429,1.0,-1.75,33
2023-01-06 09:35:46.000,0.492,1.0,0.0,5
2023-01-06 09:36:05.030,0.43,1.0,0.0,2
2023-01-06 09:40:16.117,0.605,1.0,-0.5,5
2023-01-06 09:40:47.111,0.459,1.0,0.0,4
2023-01-06 09:42:07.142,0.402,-4.0,0.0,98
2023-01-06 09:44:47.036,0.717,1.0,-0.25,9
2023-01-06 09:49:45.116,0.44,1.0,-0.25,6
2023-01-06 09:56:00.003,0.438,1.0,-0.5,2
2023-01-06 09:59:10.017,0.482,1.0,0.0,3
2023-01-06 10:00:00.004,0.557,1.0,0.0,0
2023-01-06 10:00:05.024,0.759,1.0,-2.75,119
2023-01-06 10:13:31.015,0.545,-4.0,0.0,265
2023-01-06 10:26:35.042,0.582,-4.0,0.0,289
2023-01-06 10:32:00.184,0.538,1.0,-1.25,19
2023-01-06 10:32:31.144,0.526,1.0,-0.25,6
2023-01-06 10:32:39.105,0.481,1.0,-0.5,43
2023-01-06 10:34:43.171,0.518,1.0,0.0,28
2023-01-06 10:35:13.018,0.429,1.0,-0.5,22
2023-01-06 10:38:04.042,0.421,1.0,-0.5,22
2023-01-06 10:41:23.234,0.598,1.0,-2.25,80
2023-01-06 10:42:58.054,0.596,1.0,-3.25,309
2023-01-06 10:49:08.053,0.424,1.0,0.0,4
2023-01-06 10:49:15.457,0.552,1.0,-0.75,55
2023-01-06 10:50:42.099,0.592,1.0,0.0,6
2023-01-06 10:51:54.185,0.491,1.0,0.0,2
2023-01-06 10:51:57.090,0.612,1.0,-1.0,17
2023-01-06 10:52:41.056,0.46,1.0,-0.5,27
2023-01-06 10:53:23.090,0.779,1.0,0.0,7
2023-01-06 10:53:35.252,0.574,1.0,-0.25,17
2023-01-06 10:55:06.001,0.415,1.0,-0.25,17
2023-01-06 10:57:19.158,0.633,-4.0,0.0,129
2023-01-06 10:59:53.019,0.483,1.0,-0.25,7
2023-01-06 11:00:07.716,0.524,1.0,-0.25,15
2023-01-06 11:01:38.017,0.435,-0.75,0.0,539
2023-01-06 11:12:37.508,0.455,-4.0,0.0,267
2023-01-06 11:21:11.005,0.507,-4.0,0.0,143
2023-01-06 11:26:29.464,0.462,1.0,-0.5,14
2023-01-06 11:30:52.256,0.432,1.0,-2.0,81
2023-01-06 11:38:26.029,0.426,1.0,-0.25,13
2023-01-06 11:39:12.086,0.616,1.0,-0.25,16
2023-01-06 11:43:50.261,0.428,1.0,-0.75,25
2023-01-06 11:53:58.587,0.487,-4.0,0.0,188
2023-01-06 11:57:13.002,0.446,1.0,-0.5,12
2023-01-06 12:02:19.044,0.404,1.0,0.0,45
2023-01-06 12:21:14.235,0.556,1.0,0.0,23
2023-01-06 12:21:57.349,0.465,1.0,-1.25,143
2023-01-06 12:26:57.004,0.609,1.0,0.0,9
2023-01-06 12:27:10.133,0.546,1.0,-1.75,331
2023-01-06 12:33:29.908,0.523,1.0,-1.0,54
2023-01-06 12:36:08.763,0.415,1.0,0.0,11
2023-01-06 12:36:26.572,0.508,1.0,-1.0,90
2023-01-06 12:41:14.242,0.514,1.0,-1.75,92
2023-01-06 12:44:04.092,0.68,1.0,0.0,12
2023-01-06 12:44:18.190,0.455,-1.75,0.0,540
2023-01-06 12:56:08.447,0.483,1.0,-0.5,101
2023-01-06 13:00:53.419,0.801,1.0,0.0,5
2023-01-06 13:01:48.574,0.542,1.0,0.0,5
2023-01-06 13:08:11.214,0.485,1.0,-1.25,47
2023-01-06 13:10:58.768,0.45,1.0,-0.5,29
2023-01-06 13:11:31.034,0.505,1.0,-1.25,40
2023-01-06 13:12:27.025,0.884,1.0,0.0,12
2023-01-06 13:12:59.057,0.866,1.0,-2.25,405
2023-01-06 13:19:58.377,0.604,1.0,-0.25,10
2023-01-06 13:21:17.129,0.444,1.0,-1.0,223
2023-01-06 13:27:44.202,0.519,1.0,-0.25,19
2023-01-06 13:28:05.151,0.449,1.0,-2.25,349
2023-01-06 13:39:28.004,0.451,1.0,0.0,8
2023-01-06 13:40:30.977,0.462,1.0,0.0,19
2023-01-06 13:41:03.153,0.442,1.0,-0.5,31
2023-01-06 13:41:43.496,0.423,1.0,-1.25,113
2023-01-06 13:47:10.033,0.471,1.0,-0.75,34
2023-01-06 13:49:33.030,0.472,1.0,-0.75,97
2023-01-06 13:53:46.006,0.493,1.0,-0.25,21
2023-01-06 13:56:31.212,0.467,1.0,-1.75,307
2023-01-06 14:11:57.162,0.483,1.0,-0.25,29
2023-01-06 14:13:16.380,0.497,1.0,0.0,9
2023-01-06 14:13:32.115,0.627,1.0,0.0,20
2023-01-06 14:14:09.209,0.479,1.0,-0.5,18
2023-01-06 14:16:50.342,0.425,-4.0,0.0,115
2023-01-06 14:19:05.232,0.429,1.0,-0.75,27
2023-01-06 14:19:40.014,0.499,-4.0,0.0,112
2023-01-06 14:21:50.092,0.729,1.0,-0.5,7
2023-01-06 14:22:04.069,0.434,1.0,-0.5,15
2023-01-06 14:22:48.024,0.426,1.0,-0.5,21
2023-01-06 14:24:06.254,0.426,1.0,-0.5,52
2023-01-06 14:26:27.082,0.446,1.0,-1.25,98
2023-01-06 14:28:45.441,0.424,1.0,-1.75,103
2023-01-06 14:30:38.037,0.43,1.0,0.0,13
2023-01-06 14:30:59.255,0.506,1.0,-0.5,30
2023-01-06 14:31:32.084,0.48,1.0,0.0,1
2023-01-06 14:33:12.017,0.489,1.0,-1.25,163
2023-01-06 14:46:45.012,0.412,-4.0,0.0,185
2023-01-06 14:50:54.021,0.797,1.0,-3.75,249
2023-01-06 14:57:19.016,0.656,1.0,-2.25,104
2023-01-06 15:00:45.039,0.422,1.0,0.0,3
2023-01-06 15:00:51.017,0.654,-4.0,0.0,209
2023-01-06 15:09:34.977,0.528,1.0,-1.75,435
2023-01-06 15:17:23.224,0.447,-0.75,0.0,538
2023-01-09 08:31:46.084,0.534,1.0,0.0,1
2023-01-09 08:33:18.004,0.666,-4.0,0.0,33
2023-01-09 08:38:57.092,0.444,1.0,-1.0,5
2023-01-09 08:40:10.121,0.477,1.0,-0.5,7
2023-01-09 08:40:20.012,0.749,1.0,0.0,0
2023-01-09 08:47:17.022,0.483,1.0,0.0,2
2023-01-09 08:47:21.123,0.459,1.0,-1.25,45
2023-01-09 08:51:04.105,0.582,1.0,-2.75,58
2023-01-09 08:53:07.014,0.445,1.0,0.0,2
2023-01-09 08:55:02.001,0.42,1.0,-0.75,13
2023-01-09 08:56:16.103,0.522,1.0,-3.25,126
2023-01-09 09:02:41.310,0.562,1.0,-0.5,19
2023-01-09 09:03:24.056,0.568,1.0,0.0,10
2023-01-09 09:07:06.049,0.454,-4.0,0.0,121
2023-01-09 09:11:19.043,0.409,1.0,-0.25,17
2023-01-09 09:15:09.005,0.414,1.0,-0.75,11
2023-01-09 09:21:01.089,0.567,-4.0,0.0,49
2023-01-09 09:26:05.010,0.425,1.0,-1.25,67
2023-01-09 09:27:18.099,0.557,1.0,-1.5,104
2023-01-09 09:33:07.005,0.584,1.0,-0.5,15
2023-01-09 09:33:34.001,0.511,1.0,-1.0,26
2023-01-09 09:35:36.022,0.412,1.0,-0.5,14
2023-01-09 09:36:04.038,0.648,1.0,-0.75,43
2023-01-09 09:38:56.016,0.426,1.0,-0.25,16
2023-01-09 09:39:26.035,0.516,1.0,-1.0,40
2023-01-09 09:41:05.096,0.494,1.0,-3.5,222
2023-01-09 09:45:13.004,0.548,1.0,0.0,14
2023-01-09 09:51:19.052,0.427,1.0,-1.75,296
2023-01-09 09:57:49.057,0.756,1.0,-3.0,308
2023-01-09 10:03:29.008,0.538,1.0,-1.25,153
2023-01-09 10:06:06.148,0.628,1.0,-0.5,24
2023-01-09 10:11:53.544,0.412,1.0,0.0,10
2023-01-09 10:20:38.433,0.827,1.0,-0.75,33
2023-01-09 10:25:40.182,0.457,-4.0,0.0,426
2023-01-09 10:34:35.000,0.896,1.0,-0.75,99
2023-01-09 10:37:09.165,0.443,-4.0,0.0,130
2023-01-09 10:40:51.104,0.584,1.0,-1.25,164
2023-01-09 10:45:57.291,0.412,1.0,-3.0,400
2023-01-09 10:54:38.047,0.732,-4.0,0.0,394
2023-01-09 11:02:13.026,0.46,-4.0,0.0,381
2023-01-09 11:10:51.561,0.521,-4.0,0.0,303
2023-01-09 11:17:48.263,0.553,-0.5,0.0,540
2023-01-09 11:29:30.001,0.436,1.0,0.0,7
2023-01-09 11:35:44.067,0.922,-4.0,0.0,309
2023-01-09 11:43:51.122,0.457,1.0,-1.75,131
2023-01-09 11:46:11.188,0.665,1.0,-1.75,124
2023-01-09 11:53:53.570,0.498,1.0,-0.25,73
2023-01-09 11:57:00.029,0.487,1.0,-0.25,35
2023-01-09 11:57:45.256,0.459,1.0,-0.25,40
2023-01-09 12:01:38.023,0.426,1.0,0.0,2
2023-01-09 12:04:56.044,0.443,-4.0,0.0,134
2023-01-09 12:11:07.017,0.406,1.0,-0.75,24
2023-01-09 12:14:33.087,0.489,1.0,-2.0,150
2023-01-09 12:19:06.159,0.476,1.0,0.0,22
2023-01-09 12:20:19.279,0.414,1.0,-0.25,20
2023-01-09 12:20:54.097,0.558,1.0,-0.75,79
2023-01-09 12:26:18.114,0.416,1.0,-2.0,213
2023-01-09 12:33:10.139,0.482,-4.0,0.0,152
2023-01-09 12:36:12.019,0.581,1.0,0.0,4
2023-01-09 12:36:19.055,0.62,1.0,-0.75,16
2023-01-09 12:36:56.047,0.608,1.0,-1.75,98
2023-01-09 12:40:41.172,0.655,-4.0,0.0,149
2023-01-09 12:45:00.051,0.602,-4.0,0.0,111
2023-01-09 12:46:51.010,0.466,1.0,-1.75,17
2023-01-09 12:47:27.318,0.47,1.0,0.0,4
2023-01-09 12:52:07.005,0.555,1.0,0.0,15
2023-01-09 12:53:32.077,0.628,-4.0,0.0,222
2023-01-09 12:58:03.176,0.476,1.0,-2.0,132
2023-01-09 13:00:24.094,0.557,1.0,-0.75,17
2023-01-09 13:00:58.024,0.455,1.0,0.0,11
2023-01-09 13:06:05.011,0.406,1.0,-3.75,36
2023-01-09 13:06:41.201,0.507,1.0,-0.75,19
2023-01-09 13:07:15.090,0.619,1.0,0.0,8
2023-01-09 13:08:01.118,0.793,1.0,-1.75,129
2023-01-09 13:12:06.420,0.438,-4.0,0.0,88
2023-01-09 13:13:42.283,0.433,1.0,0.0,1
2023-01-09 13:13:50.090,0.522,1.0,-1.5,39
2023-01-09 13:14:53.473,0.449,1.0,-2.5,73
2023-01-09 13:22:22.034,0.668,1.0,-1.0,53
2023-01-09 13:23:28.032,0.435,1.0,-0.25,17
2023-01-09 13:24:02.241,0.426,-4.0,0.0,189
2023-01-09 13:40:57.008,0.457,1.0,-0.75,27
2023-01-09 13:42:11.162,0.421,1.0,-3.25,268
2023-01-09 13:48:01.112,0.424,-4.0,0.0,496
2023-01-09 13:57:11.035,0.495,1.0,-0.25,15
2023-01-09 13:57:26.148,0.708,-4.0,0.0,64
2023-01-09 13:58:48.122,0.459,-4.0,0.0,52
2023-01-09 14:04:17.021,0.437,1.0,-0.25,36
2023-01-09 14:05:02.001,0.523,1.0,-1.0,11
2023-01-09 14:11:05.121,0.428,-4.0,0.0,161
2023-01-09 14:14:22.145,0.413,1.0,-3.5,265
2023-01-09 14:20:30.014,0.427,1.0,-0.25,19
2023-01-09 14:20:52.039,0.637,1.0,0.0,7
2023-01-09 14:23:16.000,0.443,1.0,-0.25,15
2023-01-09 14:23:38.039,0.517,-4.0,0.0,119
2023-01-09 14:25:42.134,0.516,1.0,0.0,20
2023-01-09 14:26:05.016,0.543,1.0,-0.25,4
2023-01-09 14:26:47.000,0.47,-4.0,0.0,240
2023-01-09 14:31:17.110,0.834,-4.0,0.0,65
2023-01-09 14:35:03.437,0.456,-4.0,0.0,210
2023-01-09 14:38:35.127,0.597,1.0,0.0,8
2023-01-09 14:38:51.231,0.91,1.0,0.0,25
2023-01-09 14:39:51.000,0.402,1.0,-2.25,80
2023-01-09 14:42:34.165,0.428,1.0,-1.5,108
2023-01-09 14:45:01.008,0.537,-4.0,0.0,98
2023-01-09 14:50:01.012,0.466,1.0,-0.75,1
2023-01-09 14:53:24.021,0.707,1.0,-1.25,65
2023-01-09 14:55:51.023,0.786,1.0,-2.0,36
2023-01-09 14:57:04.432,0.875,1.0,0.0,5
2023-01-09 14:57:43.034,0.454,1.0,-0.5,49
2023-01-09 14:58:45.049,0.439,-4.0,0.0,132
2023-01-09 15:01:09.013,0.65,1.0,0.0,7
2023-01-09 15:02:51.005,0.792,1.0,-1.0,128
2023-01-09 15:05:42.020,0.812,-0.5,0.0,538
2023-01-10 08:30:03.013,0.74,1.0,0.0,0
2023-01-10 08:30:14.001,0.695,1.0,-1.0,6
2023-01-10 08:32:58.031,0.663,1.0,-1.0,8
2023-01-10 08:43:13.050,0.456,-4.0,0.0,29
2023-01-10 08:45:07.028,0.517,1.0,-0.75,6
2023-01-10 08:45:38.080,0.471,-4.0,0.0,23
2023-01-10 08:57:15.078,0.406,1.0,0.0,12
2023-01-10 08:57:36.024,0.467,1.0,0.0,3
2023-01-10 08:58:45.115,0.665,-4.0,0.0,10
2023-01-10 08:59:07.030,0.657,1.0,-0.25,8
2023-01-10 08:59:16.031,0.548,1.0,-2.25,31
2023-01-10 09:00:09.064,0.42,-4.0,0.0,74
2023-01-10 09:01:34.202,0.941,1.0,-3.25,9
2023-01-10 09:01:59.048,0.428,1.0,-0.5,4
2023-01-10 09:02:47.002,0.457,1.0,-3.25,58
2023-01-10 09:03:50.014,0.41,1.0,-2.25,40
2023-01-10 09:04:32.003,0.611,1.0,-0.25,3
2023-01-10 09:04:52.109,0.666,1.0,-0.75,10
2023-01-10 09:06:17.106,0.694,1.0,-1.25,17
2023-01-10 09:06:47.110,0.427,1.0,0.0,2
2023-01-10 09:07:12.042,0.521,1.0,-2.25,66
2023-01-10 09:10:13.061,0.575,1.0,0.0,2
2023-01-10 09:10:31.471,0.786,1.0,-1.0,14
2023-01-10 09:15:13.026,0.44,1.0,-1.25,29
2023-01-10 09:17:57.005,0.461,-4.0,0.0,56
2023-01-10 09:21:06.193,0.532,-4.0,0.0,149
2023-01-10 09:26:14.002,0.557,1.0,-0.75,31
2023-01-10 09:28:32.051,0.466,1.0,-0.25,8
2023-01-10 09:29:30.088,0.562,1.0,-0.75,11
2023-01-10 09:29:44.078,0.451,1.0,0.0,5
2023-01-10 09:29:50.279,0.474,-4.0,0.0,29
2023-01-10 09:30:23.004,0.517,-4.0,0.0,49
2023-01-10 09:32:54.093,0.404,-4.0,0.0,48
2023-01-10 09:36:20.014,0.429,1.0,-0.75,17
2023-01-10 09:38:22.138,0.416,1.0,0.0,1
2023-01-10 09:38:27.062,0.858,1.0,0.0,7
2023-01-10 09:42:49.084,0.437,-4.0,0.0,78
2023-01-10 09:45:01.013,0.445,1.0,0.0,0
2023-01-10 09:46:50.159,0.46,1.0,-0.75,21
2023-01-10 09:52:10.020,0.842,1.0,-0.75,13
2023-01-10 09:56:38.004,0.432,1.0,-0.25,3
2023-01-10 10:01:12.011,0.437,1.0,0.0,4
2023-01-10 10:13:41.435,0.774,1.0,-2.25,144
2023-01-10 10:18:23.074,0.679,1.0,-1.5,119
2023-01-10 10:26:14.892,0.454,-4.0,0.0,21
2023-01-10 10:31:38.159,0.492,1.0,-1.0,28
2023-01-10 10:32:08.049,0.418,1.0,-0.25,4
2023-01-10 10:44:44.003,0.512,-4.0,0.0,56
2023-01-10 10:45:43.040,0.77,1.0,-1.5,26
2023-01-10 10:47:08.572,0.546,1.0,-3.25,185
2023-01-10 10:56:04.121,0.566,1.0,-0.5,25
2023-01-10 10:59:08.420,0.501,-4.0,0.0,69
2023-01-10 11:00:52.011,0.86,1.0,-2.25,22
2023-01-10 11:03:48.013,0.609,1.0,-2.75,268
2023-01-10 11:19:56.015,0.472,1.0,-2.75,169
2023-01-10 11:25:41.015,0.411,1.0,-3.0,387
2023-01-10 11:39:23.087,0.468,1.0,-0.25,4
2023-01-10 11:39:31.076,0.768,1.0,0.0,0
2023-01-10 11:40:01.336,0.857,-4.0,0.0,194
2023-01-10 11:52:26.755,0.586,-2.25,0.0,540
2023-01-10 12:03:10.008,0.418,1.0,-0.75,33
2023-01-10 12:08:55.000,0.427,1.0,-0.75,59
2023-01-10 12:09:56.001,0.401,-4.0,0.0,329
2023-01-10 12:20:29.138,0.423,1.0,-2.0,141
2023-01-10 12:29:58.045,0.487,1.0,-1.25,30
2023-01-10 12:30:34.032,0.551,1.0,-0.25,77
2023-01-10 12:31:51.035,0.411,1.0,-0.5,80
2023-01-10 12:33:23.190,0.471,1.0,-0.25,8
2023-01-10 12:35:04.000,0.519,1.0,-0.25,27
2023-01-10 12:45:02.552,0.669,1.0,-0.5,41
2023-01-10 12:53:08.230,0.563,1.0,-3.5,262
2023-01-10 12:57:44.122,0.418,1.0,-1.0,84
2023-01-10 13:06:13.245,0.659,1.0,-0.5,72
2023-01-10 13:07:26.813,0.911,1.0,0.0,13
2023-01-10 13:07:45.073,0.716,1.0,-0.5,40
2023-01-10 13:08:31.314,0.411,1.0,-1.5,244
2023-01-10 13:14:20.102,0.441,1.0,-0.25,44
2023-01-10 13:20:39.012,0.447,1.0,0.0,1
2023-01-10 13:21:09.009,0.437,0.25,-3.75,540
2023-01-10 13:31:28.181,0.55,1.0,-0.25,29
2023-01-10 13:34:56.001,0.628,1.0,0.0,10
2023-01-10 13:36:54.025,0.472,-4.0,0.0,76
2023-01-10 13:48:54.289,0.419,-1.0,0.0,540
2023-01-10 14:00:14.181,0.599,-4.0,0.0,125
2023-01-10 14:02:26.026,0.508,1.0,-0.75,12
2023-01-10 14:03:13.020,0.51,1.0,-1.25,51
2023-01-10 14:04:06.002,0.714,-4.0,0.0,147
2023-01-10 14:09:55.017,0.474,1.0,-2.75,256
2023-01-10 14:14:15.062,0.828,1.0,-0.25,14
2023-01-10 14:14:30.020,0.537,1.0,-1.0,55
2023-01-10 14:29:54.394,0.418,1.0,-0.5,66
2023-01-10 14:34:38.016,0.418,1.0,0.0,10
2023-01-10 14:38:26.690,0.458,1.0,-2.75,455
2023-01-10 14:46:25.364,0.609,1.0,-0.75,49
2023-01-10 14:48:18.721,0.569,1.0,0.0,21
2023-01-10 14:49:47.542,0.464,1.0,0.0,3
2023-01-10 14:49:54.534,0.574,1.0,-0.5,6
2023-01-10 14:56:58.474,0.434,1.0,0.0,12
2023-01-10 14:57:12.106,0.586,1.0,-0.75,137
2023-01-10 14:59:55.003,0.892,1.0,-1.0,5
2023-01-10 15:00:17.047,0.857,-4.0,0.0,131
2023-01-10 15:02:36.074,0.81,1.0,0.0,97
2023-01-10 15:12:08.017,0.669,1.0,0.0,21
2023-01-10 15:12:55.017,0.447,-0.5,0.0,537
2023-01-11 08:30:07.018,0.751,1.0,-0.25,5
2023-01-11 08:31:19.046,0.424,1.0,-1.5,18
2023-01-11 08:33:57.011,0.461,1.0,-1.25,13
2023-01-11 08:37:00.097,0.522,1.0,-0.75,14
2023-01-11 08:40:17.147,0.527,1.0,-1.0,37
2023-01-11 08:41:05.216,0.447,1.0,-0.25,4
2023-01-11 08:46:57.042,0.615,1.0,0.0,5
2023-01-11 08:47:08.077,0.404,1.0,-1.0,27
2023-01-11 08:48:03.003,0.874,1.0,-0.5,10
2023-01-11 08:48:37.012,0.471,-4.0,0.0,65
2023-01-11 08:50:02.028,0.742,1.0,-0.25,7
2023-01-11 08:51:20.043,0.552,1.0,-0.75,26
2023-01-11 08:52:14.050,0.515,-4.0,0.0,84
2023-01-11 08:54:15.028,0.458,1.0,0.0,4
2023-01-11 08:54:20.012,0.899,1.0,0.0,8
2023-01-11 08:54:46.021,0.694,1.0,-1.0,34
2023-01-11 08:55:26.424,0.82,1.0,-2.0,68
2023-01-11 08:59:03.024,0.476,1.0,0.0,2
2023-01-11 08:59:06.104,0.456,1.0,-0.5,18
2023-01-11 08:59:32.036,0.514,1.0,-1.0,28
2023-01-11 09:01:52.013,0.428,1.0,-1.5,32
2023-01-11 09:05:29.193,0.525,1.0,-1.0,58
2023-01-11 09:08:36.307,0.415,1.0,-2.25,103
2023-01-11 09:10:22.061,0.411,-4.0,0.0,181
2023-01-11 09:14:58.635,0.639,1.0,-0.5,35
2023-01-11 09:15:56.058,0.526,1.0,-3.5,90
2023-01-11 09:17:36.024,0.406,1.0,-3.25,294
2023-01-11 09:22:34.075,0.572,1.0,-0.25,8
2023-01-11 09:22:55.034,0.743,1.0,-2.75,255
2023-01-11 09:27:23.102,0.582,1.0,-1.25,89
2023-01-11 09:30:47.000,0.516,-4.0,0.0,157
2023-01-11 09:33:41.469,0.433,-4.0,0.0,100
2023-01-11 09:36:34.050,0.41,1.0,0.0,5
2023-01-11 09:36:40.222,0.484,1.0,-1.0,50
2023-01-11 09:44:55.275,0.576,1.0,-0.25,16
2023-01-11 09:47:09.514,0.452,1.0,-0.25,44
2023-01-11 09:52:11.144,0.613,1.0,-0.5,24
2023-01-11 09:53:32.001,0.454,-4.0,0.0,169
2023-01-11 09:57:02.005,0.616,1.0,-1.75,334
2023-01-11 10:02:48.149,0.698,1.0,-1.0,89
2023-01-11 10:04:39.325,0.575,1.0,-0.5,21
2023-01-11 10:06:12.212,0.59,1.0,-0.25,11
2023-01-11 10:06:26.753,0.534,1.0,-0.5,51
2023-01-11 10:10:43.342,0.425,1.0,0.0,9
2023-01-11 10:14:51.061,0.715,1.0,0.0,6
2023-01-11 10:20:49.164,0.574,1.0,-1.0,140
2023-01-11 10:23:48.042,0.449,1.0,-2.5,446
2023-01-11 10:31:42.494,0.437,-4.0,0.0,320
2023-01-11 10:50:22.033,0.421,1.0,-1.75,157
2023-01-11 10:53:32.297,0.608,0.25,-2.75,540
2023-01-11 11:02:34.236,0.591,1.0,-1.25,470
2023-01-11 11:26:56.391,0.411,1.0,-0.25,67
2023-01-11 11:28:49.211,0.447,-4.0,0.0,255
2023-01-11 11:33:12.553,0.744,0.25,-2.5,539
2023-01-11 11:47:27.534,0.483,1.0,-0.75,164
2023-01-11 11:56:52.011,0.487,1.0,-1.75,205
2023-01-11 12:00:18.082,0.419,1.0,-1.0,109
2023-01-11 12:05:07.626,0.422,1.0,-2.0,299
2023-01-11 12:10:29.168,0.605,1.0,0.0,14
2023-01-11 12:10:45.002,0.61,1.0,-2.0,245
2023-01-11 12:14:52.002,0.853,-4.0,0.0,26
2023-01-11 12:15:53.311,0.754,-4.0,0.0,37
2023-01-11 12:20:45.062,0.435,1.0,-1.75,196
2023-01-11 12:27:09.219,0.481,1.0,-0.25,16
2023-01-11 12:27:58.653,0.422,1.0,-0.5,16
2023-01-11 12:28:47.059,0.609,1.0,-1.5,132
2023-01-11 12:31:00.063,0.459,1.0,-1.0,194
2023-01-11 12:42:24.389,0.532,1.0,-0.5,90
2023-01-11 12:44:02.766,0.503,-4.0,0.0,435
2023-01-11 12:51:35.001,0.573,1.0,-1.75,250
2023-01-11 12:57:10.373,0.424,1.0,0.0,14
2023-01-11 12:58:27.451,0.487,1.0,-0.75,92
2023-01-11 13:00:33.663,0.403,1.0,0.0,16
2023-01-11 13:00:55.138,0.445,-4.0,0.0,280
2023-01-11 13:05:36.045,0.5,1.0,-1.75,171
2023-01-11 13:19:13.180,0.458,1.0,-1.25,203
2023-01-11 13:24:23.826,0.42,1.0,-0.75,99
2023-01-11 13:29:28.117,0.471,1.0,-1.0,95
2023-01-11 13:31:06.079,0.52,1.0,-0.25,24
2023-01-11 13:31:47.106,0.507,1.0,-1.0,138
2023-01-11 13:37:17.294,0.432,1.0,0.0,4
2023-01-11 13:37:54.104,0.451,1.0,-1.5,330
2023-01-11 13:49:34.683,0.461,-1.75,0.0,540
2023-01-11 14:10:04.041,0.475,1.0,0.0,26
2023-01-11 14:11:53.228,0.445,1.0,-0.25,10
2023-01-11 14:12:32.224,0.418,1.0,-3.75,409
2023-01-11 14:19:39.402,0.476,-2.25,0.0,539
2023-01-11 14:49:41.193,0.553,1.0,0.0,4
2023-01-11 14:50:06.064,0.654,1.0,-0.75,56
2023-01-11 14:53:29.002,0.533,1.0,-1.5,72
2023-01-11 15:03:08.431,0.472,1.0,-0.25,53
2023-01-12 08:31:10.012,0.584,1.0,-1.5,3
2023-01-12 08:31:22.035,0.567,-4.0,0.0,13
2023-01-12 08:31:40.068,0.447,1.0,-1.75,8
2023-01-12 08:32:01.002,0.546,-4.0,0.0,27
2023-01-12 08:33:28.051,0.553,1.0,0.0,0
2023-01-12 08:33:34.102,0.571,1.0,-0.25,3
2023-01-12 08:34:01.076,0.659,1.0,0.0,1
2023-01-12 08:34:16.090,0.573,-4.0,0.0,44
2023-01-12 08:35:03.057,0.414,1.0,-0.75,6
2023-01-12 08:35:22.001,0.681,1.0,-0.5,4
2023-01-12 08:35:42.040,0.614,1.0,-0.25,1
2023-01-12 08:36:02.042,0.673,1.0,0.0,1
2023-01-12 08:37:51.110,0.456,1.0,-0.5,5
2023-01-12 08:38:09.043,0.906,1.0,0.0,0
2023-01-12 08:38:15.013,0.477,1.0,0.0,1
2023-01-12 08:38:22.043,0.592,1.0,0.0,2
2023-01-12 08:40:02.009,0.431,1.0,-1.5,8
2023-01-12 08:41:10.004,0.463,-4.0,0.0,82
2023-01-12 08:42:52.027,0.781,-4.0,0.0,35
2023-01-12 08:49:01.154,0.476,1.0,-0.5,7
2023-01-12 08:49:25.054,0.756,-4.0,0.0,37
2023-01-12 08:50:09.051,0.581,1.0,-0.25,3
2023-01-12 08:52:21.064,0.593,-4.0,0.0,60
2023-01-12 08:57:22.050,0.401,1.0,-0.75,3
2023-01-12 08:57:31.041,0.775,1.0,-0.75,12
2023-01-12 08:58:38.048,0.53,1.0,-1.75,13
2023-01-12 09:03:39.024,0.465,1.0,-2.5,40
2023-01-12 09:15:04.136,0.472,1.0,-0.5,15
2023-01-12 09:18:00.019,0.414,1.0,0.0,1
2023-01-12 09:18:05.153,0.451,-4.0,0.0,54
2023-01-12 09:19:31.212,0.694,1.0,-2.75,49
2023-01-12 09:20:34.002,0.634,-4.0,0.0,71
2023-01-12 09:23:09.124,0.642,1.0,0.0,2
2023-01-12 09:29:11.020,0.613,-4.0,0.0,65
2023-01-12 09:34:59.102,0.581,1.0,-0.75,9
2023-01-12 09:35:09.007,0.445,1.0,0.0,7
2023-01-12 09:35:25.023,0.55,1.0,-1.25,17
2023-01-12 09:36:18.200,0.486,1.0,-0.5,11
2023-01-12 09:36:52.137,0.418,1.0,0.0,7
2023-01-12 09:45:14.073,0.731,1.0,0.0,2
2023-01-12 09:56:13.036,0.621,1.0,-0.25,4
2023-01-12 10:01:08.259,0.484,-4.0,0.0,25
2023-01-12 10:03:46.522,0.635,1.0,-0.25,5
2023-01-12 10:05:25.094,0.404,1.0,0.0,7
2023-01-12 10:05:36.141,0.507,1.0,0.0,1
2023-01-12 10:06:47.044,0.454,-4.0,0.0,35
2023-01-12 10:08:39.048,0.453,1.0,-0.25,7
2023-01-12 10:14:24.167,0.571,1.0,-1.0,23
2023-01-12 10:23:47.089,0.41,-4.0,0.0,86
2023-01-12 10:25:38.037,0.475,1.0,0.0,6
2023-01-12 10:25:45.086,0.511,1.0,-0.5,4
2023-01-12 10:25:55.185,0.591,-4.0,0.0,54
2023-01-12 10:26:57.058,0.421,1.0,-2.5,37
2023-01-12 10:34:31.006,0.861,1.0,0.0,3
2023-01-12 10:34:39.099,0.769,1.0,0.0,3
2023-01-12 10:35:34.222,0.603,1.0,-1.5,49
2023-01-12 10:37:58.204,0.502,1.0,-1.5,48
2023-01-12 10:44:22.072,0.444,1.0,-0.25,8
2023-01-12 10:47:40.162,0.754,-4.0,0.0,74
2023-01-12 10:51:46.008,0.452,1.0,-0.25,17
2023-01-12 10:52:09.046,0.455,1.0,-2.75,189
2023-01-12 10:59:34.476,0.539,-4.0,0.0,378
2023-01-12 11:08:04.070,0.554,1.0,-0.25,4
2023-01-12 11:08:18.031,0.409,1.0,-0.5,47
2023-01-12 11:09:17.065,0.588,1.0,-2.25,90
2023-01-12 11:13:23.004,0.49,1.0,-1.5,143
2023-01-12 11:17:48.606,0.498,1.0,-0.25,39
2023-01-12 11:29:02.020,0.413,1.0,0.0,22
2023-01-12 11:30:24.411,0.671,1.0,-3.5,300
2023-01-12 11:35:46.016,0.573,-4.0,0.0,264
2023-01-12 11:41:31.074,0.43,1.0,-2.0,233
2023-01-12 11:45:58.392,0.42,1.0,0.0,31
2023-01-12 11:46:38.041,0.555,1.0,-0.75,89
2023-01-12 11:48:12.277,0.467,1.0,-3.0,317
2023-01-12 11:56:22.134,0.523,1.0,-0.25,20
2023-01-12 11:57:40.133,0.629,-4.0,0.0,257
2023-01-12 12:01:59.075,0.465,1.0,0.0,4
2023-01-12 12:02:04.023,0.512,1.0,-0.25,2
2023-01-12 12:03:05.125,0.81,1.0,-0.25,8
2023-01-12 12:03:20.074,0.766,1.0,-0.25,13
2023-01-12 12:11:31.096,0.521,1.0,-2.25,109
2023-01-12 12:14:02.018,0.885,1.0,-0.25,66
2023-01-12 12:15:09.032,0.418,1.0,0.0,18
2023-01-12 12:16:08.223,0.556,1.0,0.0,16
2023-01-12 12:18:13.047,0.527,-4.0,0.0,387
2023-01-12 12:27:16.108,0.578,-4.0,0.0,73
2023-01-12 12:29:23.053,0.433,1.0,-0.25,8
2023-01-12 12:31:06.005,0.617,1.0,-3.75,85
2023-01-12 12:32:50.616,0.857,1.0,-0.25,2
2023-01-12 12:33:06.069,0.444,1.0,-1.5,23
2023-01-12 12:47:15.005,0.495,1.0,0.0,4
2023-01-12 12:47:52.156,0.447,1.0,-0.75,22
2023-01-12 12:48:19.021,0.427,1.0,-2.75,248
2023-01-12 12:53:18.026,0.563,1.0,0.0,3
2023-01-12 12:53:47.024,0.538,1.0,-0.75,28
2023-01-12 13:02:23.273,0.625,-4.0,0.0,56
2023-01-12 13:06:01.017,0.538,1.0,-1.0,34
2023-01-12 13:07:00.353,0.445,1.0,-2.0,97
2023-01-12 13:16:50.076,0.488,1.0,-0.75,53
2023-01-12 13:18:06.015,0.451,1.0,-0.5,44
2023-01-12 13:22:31.343,0.671,-4.0,0.0,11
2023-01-12 13:22:57.028,0.714,1.0,-0.25,4
2023-01-12 13:30:23.014,0.555,1.0,0.0,5
2023-01-12 13:30:36.245,0.649,1.0,-1.5,28
2023-01-12 13:31:11.036,0.516,1.0,-0.25,19
2023-01-12 13:31:44.023,0.491,1.0,-0.75,53
2023-01-12 13:32:56.559,0.443,1.0,-3.25,308
2023-01-12 13:40:10.748,0.793,1.0,0.0,9
2023-01-12 13:43:12.397,0.555,1.0,-3.25,176
2023-01-12 13:46:39.043,0.424,1.0,-1.0,65
2023-01-12 13:50:06.045,0.462,-4.0,0.0,103
2023-01-12 13:52:05.103,0.418,1.0,0.0,3
2023-01-12 13:52:18.287,0.428,-4.0,0.0,38
2023-01-12 14:07:02.223,0.579,1.0,-0.25,5
2023-01-12 14:08:33.027,0.493,-4.0,0.0,101
2023-01-12 14:18:38.377,0.461,1.0,0.0,5
2023-01-12 14:18:50.056,0.479,-4.0,0.0,57
2023-01-12 14:28:54.072,0.512,1.0,0.0,12
2023-01-12 14:29:29.301,0.407,1.0,-0.5,96
2023-01-12 14:31:31.068,0.436,1.0,0.0,10
2023-01-12 14:34:09.015,0.468,-4.0,0.0,234
2023-01-12 14:38:12.153,0.598,1.0,-2.75,114
2023-01-12 14:40:10.032,0.444,1.0,-0.25,24
2023-01-12 14:41:02.260,0.404,1.0,-1.75,50
2023-01-12 14:47:22.485,0.48,1.0,-3.0,158
2023-01-12 14:54:22.604,0.498,1.0,-0.25,38
2023-01-12 14:55:02.012,0.565,1.0,0.0,2
2023-01-12 15:00:21.058,0.603,1.0,-2.25,394
2023-01-12 15:09:54.016,0.404,-0.75,0.0,536
2023-01-12 15:22:54.008,0.609,1.0,0.0,123
2023-01-13 08:30:08.001,0.518,1.0,0.0,1
2023-01-13 08:32:38.037,0.457,1.0,0.0,1
2023-01-13 08:33:49.079,0.532,1.0,0.0,3
2023-01-13 08:33:53.091,0.719,1.0,-2.5,30
2023-01-13 08:34:34.001,0.715,1.0,-0.5,9
2023-01-13 08:37:58.296,0.482,1.0,-0.75,7
2023-01-13 08:38:07.146,0.544,-4.0,0.0,54
2023-01-13 08:39:15.001,0.449,1.0,0.0,5
2023-01-13 08:39:34.062,0.408,1.0,-1.0,20
2023-01-13 08:41:41.006,0.443,1.0,-1.25,31
2023-01-13 08:42:16.086,0.417,1.0,-3.5,79
2023-01-13 08:50:43.017,0.57,1.0,-1.0,38
2023-01-13 08:55:45.014,0.431,1.0,-0.25,4
2023-01-13 08:55:53.127,0.521,1.0,-1.25,46
2023-01-13 08:58:14.200,0.538,1.0,0.0,18
2023-01-13 09:00:41.018,0.466,1.0,0.0,1
2023-01-13 09:01:47.134,0.431,1.0,-1.5,13
2023-01-13 09:03:45.018,0.506,-4.0,0.0,67
2023-01-13 09:10:20.009,0.416,1.0,-0.25,1
2023-01-13 09:11:36.065,0.689,1.0,-1.25,36
2023-01-13 09:15:50.005,0.429,-4.0,0.0,69
2023-01-13 09:23:12.017,0.68,1.0,-1.25,71
2023-01-13 09:25:35.119,0.623,1.0,-1.0,103
2023-01-13 09:29:04.009,0.485,1.0,-1.0,14
2023-01-13 09:32:12.221,0.481,1.0,-3.5,484
2023-01-13 09:40:26.359,0.46,1.0,-0.5,25
2023-01-13 09:44:34.279,0.4,1.0,-3.0,79
2023-01-13 09:51:03.094,0.512,1.0,-2.25,246
2023-01-13 09:56:21.186,0.434,1.0,-1.0,47
2023-01-13 10:01:51.352,0.456,1.0,-0.75,45
2023-01-13 10:02:53.087,0.448,1.0,-1.0,33
2023-01-13 10:07:36.424,0.518,1.0,-0.25,8
2023-01-13 10:09:59.115,0.488,1.0,-1.75,75
2023-01-13 10:11:20.148,0.5,-4.0,0.0,86
2023-01-13 10:14:14.386,0.505,1.0,-3.75,381
2023-01-13 10:28:21.118,0.5,-4.0,0.0,231
2023-01-13 10:35:21.036,0.671,1.0,-0.5,27
2023-01-13 10:39:46.455,0.511,1.0,-2.0,219
2023-01-13 10:44:09.468,0.418,1.0,-0.25,38
2023-01-13 10:45:52.033,0.459,1.0,-3.25,267
2023-01-13 10:59:47.016,0.452,1.0,-0.75,65
2023-01-13 11:01:02.027,0.486,1.0,-1.0,66
2023-01-13 11:04:31.420,0.505,1.0,-1.25,133
2023-01-13 11:07:24.937,0.497,1.0,-1.25,158
2023-01-13 11:10:08.031,0.539,1.0,-1.25,193
2023-01-13 11:16:37.300,0.483,1.0,0.0,17
2023-01-13 11:17:11.634,0.41,1.0,-0.75,57
2023-01-13 11:18:58.114,0.561,1.0,-0.25,24
2023-01-13 11:22:51.736,0.413,1.0,-1.5,171
2023-01-13 11:25:47.030,0.404,1.0,-0.5,10
2023-01-13 11:26:33.445,0.555,-2.25,0.0,539
2023-01-13 11:45:39.729,0.542,0.25,-2.5,539
2023-01-13 11:56:21.122,0.615,1.0,0.0,0
2023-01-13 11:56:44.049,0.563,1.0,-3.25,314
2023-01-13 12:08:57.904,0.426,1.0,-0.75,115
2023-01-13 12:16:06.036,0.69,-1.5,0.0,539
2023-01-13 12:25:06.560,0.474,1.0,0.0,26
2023-01-13 12:27:13.038,0.554,1.0,-1.0,208
2023-01-13 12:30:46.210,0.423,1.0,-0.75,116
2023-01-13 12:41:07.097,0.403,1.0,-0.75,65
2023-01-13 12:42:13.019,0.586,1.0,-0.25,16
2023-01-13 12:42:44.147,0.527,1.0,-0.25,27
2023-01-13 12:46:08.239,0.439,1.0,0.0,27
2023-01-13 12:47:36.219,0.518,1.0,-0.25,33
2023-01-13 12:48:57.008,0.441,-1.5,0.0,540
2023-01-13 13:09:20.013,0.628,1.0,-0.75,61
2023-01-13 13:15:14.001,0.742,1.0,-0.25,26
2023-01-13 13:20:33.462,0.445,1.0,-1.75,344
2023-01-13 13:26:30.579,0.432,1.0,-0.25,36
2023-01-13 13:39:27.207,0.61,1.0,0.0,14
2023-01-13 13:45:15.867,0.426,1.0,-1.25,139
2023-01-13 13:48:21.353,0.426,-4.0,0.0,418
2023-01-13 13:55:28.046,0.47,1.0,-0.75,24
2023-01-13 13:55:55.157,0.405,1.0,0.0,18
2023-01-13 14:00:23.193,0.454,1.0,-1.25,108
2023-01-13 14:02:33.255,0.473,1.0,-0.25,27
2023-01-13 14:03:28.134,0.479,1.0,-0.5,56
2023-01-13 14:06:11.236,0.58,1.0,-0.5,160
2023-01-13 14:09:16.360,0.545,1.0,-0.75,69
2023-01-13 14:11:04.044,0.472,1.0,-0.5,31
2023-01-13 14:11:35.021,0.945,-0.75,0.0,540
2023-01-13 14:29:34.099,0.499,1.0,0.0,16
2023-01-13 15:12:15.060,0.406,1.0,-0.25,163
2023-01-13 15:19:47.109,0.417,1.0,-0.25,277
2023-01-16 09:29:32.607,0.582,1.0,-0.25,76
2023-01-16 09:30:59.805,0.71,1.0,-0.25,176
2023-01-16 11:52:35.120,0.442,1.0,-0.75,129
2023-01-16 11:55:21.967,0.47,1.0,-0.5,265
2023-01-17 08:35:14.079,0.497,1.0,-1.0,9
2023-01-17 08:35:34.068,0.641,1.0,0.0,4
2023-01-17 08:35:48.004,0.494,-4.0,0.0,164
2023-01-17 08:43:56.146,0.427,1.0,-0.25,7
2023-01-17 08:45:19.133,0.579,1.0,-0.25,4
2023-01-17 08:48:21.020,0.412,1.0,-0.5,7
2023-01-17 08:56:23.065,0.733,1.0,-2.5,133
2023-01-17 08:58:59.053,0.574,1.0,-0.25,15
2023-01-17 09:00:30.000,0.446,1.0,0.0,1
2023-01-17 09:03:43.022,0.765,1.0,-0.25,3
2023-01-17 09:07:22.888,0.531,1.0,-2.0,73
2023-01-17 09:08:45.335,0.663,1.0,-1.25,80
2023-01-17 09:10:40.046,0.501,1.0,-0.75,18
2023-01-17 09:12:42.401,0.433,1.0,0.0,11
2023-01-17 09:13:27.025,0.44,1.0,-3.5,274
2023-01-17 09:18:03.331,0.56,1.0,-0.5,40
2023-01-17 09:19:20.102,0.486,1.0,-1.75,78
2023-01-17 09:24:06.101,0.691,1.0,-2.0,157
2023-01-17 09:27:28.036,0.404,-4.0,0.0,253
2023-01-17 09:31:42.048,0.755,-4.0,0.0,421
2023-01-17 09:39:58.055,0.475,-4.0,0.0,55
2023-01-17 09:50:09.128,0.577,1.0,0.0,7
2023-01-17 09:50:18.239,0.561,-4.0,0.0,221
2023-01-17 09:55:27.033,0.687,1.0,-0.75,57
2023-01-17 09:56:41.398,0.495,1.0,-2.0,150
2023-01-17 10:00:01.069,0.408,1.0,0.0,6
2023-01-17 10:00:57.306,0.701,-4.0,0.0,331
2023-01-17 10:07:53.018,0.559,1.0,0.0,5
2023-01-17 10:08:37.232,0.585,1.0,-1.0,31
2023-01-17 10:18:58.518,0.401,1.0,-0.25,57
2023-01-17 10:20:39.074,0.49,1.0,-1.5,108
2023-01-17 10:22:41.109,0.406,1.0,-0.5,9
2023-01-17 10:22:52.014,0.488,1.0,0.0,16
2023-01-17 10:23:50.070,0.446,1.0,-3.0,163
2023-01-17 10:30:55.103,0.528,1.0,-0.25,9
2023-01-17 10:32:10.021,0.482,1.0,-1.0,90
2023-01-17 10:34:00.009,0.431,-4.0,0.0,188
2023-01-17 10:39:05.332,0.485,1.0,0.0,2
2023-01-17 10:39:19.275,0.463,1.0,0.0,19
2023-01-17 10:40:02.055,0.528,1.0,-0.25,26
2023-01-17 10:40:57.011,0.414,1.0,-1.5,96
2023-01-17 10:42:59.141,0.476,1.0,-2.25,253
2023-01-17 10:50:33.550,0.499,1.0,-3.5,447
2023-01-17 11:16:06.436,0.41,-4.0,0.0,478
2023-01-17 11:26:17.040,0.611,1.0,-0.5,68
2023-01-17 11:27:39.269,0.499,1.0,-0.25,38
2023-01-17 11:45:24.226,0.423,1.0,-1.75,156
2023-01-17 11:48:23.922,0.457,1.0,-2.0,239
2023-01-17 11:53:30.040,0.471,1.0,-0.25,61
2023-01-17 11:54:44.023,0.49,1.0,-3.25,491
2023-01-17 12:04:00.437,0.465,-4.0,0.0,399
2023-01-17 12:16:56.394,0.41,1.0,-1.0,91
2023-01-17 12:18:53.120,0.626,-4.0,0.0,456
2023-01-17 12:26:29.260,0.654,1.0,-0.25,69
2023-01-17 12:28:07.523,0.48,1.0,-0.25,62
2023-01-17 12:29:16.252,0.521,1.0,-1.75,234
2023-01-17 12:33:57.578,0.526,1.0,-0.75,84
2023-01-17 12:37:50.214,0.404,1.0,0.0,15
2023-01-17 12:38:20.205,0.444,1.0,-0.5,69
2023-01-17 12:40:06.127,0.489,-0.75,0.0,540
2023-01-17 12:53:51.328,0.434,1.0,-1.5,321
2023-01-17 12:59:36.376,0.431,1.0,-1.5,333
2023-01-17 13:06:10.460,0.499,1.0,-0.75,79
2023-01-17 13:07:50.175,0.507,-4.0,0.0,354
2023-01-17 13:15:36.010,0.52,1.0,-0.25,6
2023-01-17 13:16:00.059,0.503,1.0,-2.0,21
2023-01-17 13:17:43.037,0.404,1.0,-0.5,26
2023-01-17 13:18:58.071,0.58,1.0,-1.25,55
2023-01-17 13:19:57.029,0.763,-1.5,0.0,538
2023-01-17 13:29:35.399,0.481,1.0,-0.75,36
2023-01-17 13:31:23.342,0.47,1.0,-0.5,35
2023-01-17 14:01:07.630,0.418,1.0,-0.25,16
2023-01-17 14:01:27.000,0.467,1.0,-0.25,22
2023-01-17 14:02:44.192,0.62,1.0,0.0,20
2023-01-17 14:03:07.354,0.482,1.0,-0.25,38
2023-01-17 14:18:41.320,0.422,-4.0,0.0,128
2023-01-17 14:21:35.184,0.651,1.0,0.0,23
2023-01-17 14:21:59.041,0.537,1.0,-0.5,30
2023-01-17 14:27:14.678,0.528,1.0,-2.0,428
2023-01-17 14:35:59.834,0.444,1.0,-0.5,98
2023-01-17 14:50:06.145,0.46,1.0,-1.5,29
2023-01-17 14:53:47.112,0.45,1.0,-1.5,73
2023-01-17 14:59:46.015,0.42,1.0,0.0,2
2023-01-17 15:00:01.010,0.576,1.0,0.0,2
2023-01-17 15:14:04.093,0.584,1.0,-0.25,99
2023-01-18 08:30:00.002,0.417,1.0,0.0,0
2023-01-18 08:30:14.009,0.509,1.0,-3.0,26
2023-01-18 08:30:44.010,0.623,1.0,-1.5,12
2023-01-18 08:31:46.163,0.61,-4.0,0.0,36
2023-01-18 08:32:36.016,0.671,1.0,0.0,5
2023-01-18 08:32:41.093,0.563,1.0,-2.75,33
2023-01-18 08:33:23.018,0.452,1.0,-0.75,21
2023-01-18 08:34:01.016,0.542,1.0,-0.25,2
2023-01-18 08:34:13.014,0.478,1.0,-1.75,28
2023-01-18 08:34:58.076,0.438,-4.0,0.0,11
2023-01-18 08:36:34.315,0.673,-4.0,0.0,33
2023-01-18 08:37:36.052,0.656,1.0,-1.5,31
2023-01-18 08:44:46.002,0.412,1.0,-0.5,3
2023-01-18 08:44:56.327,0.571,1.0,-0.5,5
2023-01-18 08:46:53.332,0.486,1.0,-0.75,9
2023-01-18 08:47:27.040,0.42,1.0,-2.75,95
2023-01-18 09:00:12.099,0.723,1.0,-0.25,2
2023-01-18 09:00:15.018,0.433,1.0,-0.5,4
2023-01-18 09:00:22.141,0.445,1.0,-2.5,27
2023-01-18 09:02:51.183,0.449,1.0,-3.5,214
2023-01-18 09:06:34.013,0.674,1.0,-1.5,107
2023-01-18 09:08:52.009,0.428,-4.0,0.0,39
2023-01-18 09:11:02.012,0.516,1.0,-2.75,108
2023-01-18 09:12:59.233,0.54,1.0,-3.75,159
2023-01-18 09:18:34.019,0.407,-4.0,0.0,21
2023-01-18 09:19:05.068,0.515,-4.0,0.0,13
2023-01-18 09:20:01.022,0.653,1.0,0.0,2
2023-01-18 09:22:07.275,0.484,1.0,-1.75,29
2023-01-18 09:22:53.029,0.631,-4.0,0.0,57
2023-01-18 09:25:46.012,0.464,1.0,-0.25,5
2023-01-18 09:26:33.059,0.417,1.0,-1.5,144
2023-01-18 09:29:09.012,0.411,-4.0,0.0,95
2023-01-18 09:31:29.190,0.467,1.0,-1.75,105
2023-01-18 09:40:07.003,0.688,1.0,-0.25,4
2023-01-18 09:40:40.029,0.588,1.0,-0.25,8
2023-01-18 09:41:31.018,0.546,-4.0,0.0,99
2023-01-18 09:44:28.084,0.434,1.0,0.0,1
2023-01-18 09:44:34.008,0.74,1.0,-0.75,14
2023-01-18 09:45:10.093,0.453,1.0,-1.25,30
2023-01-18 09:46:03.133,0.553,-4.0,0.0,56
2023-01-18 09:49:23.293,0.475,-4.0,0.0,51
2023-01-18 09:50:50.001,0.581,1.0,-2.0,45
2023-01-18 09:51:42.029,0.737,1.0,-0.25,6
2023-01-18 09:52:29.142,0.703,-4.0,0.0,107
2023-01-18 09:54:16.003,0.883,-4.0,0.0,44
2023-01-18 09:56:15.011,0.451,1.0,-1.25,43
2023-01-18 10:02:24.169,0.572,1.0,-1.25,73
2023-01-18 10:03:56.062,0.622,-4.0,0.0,83
2023-01-18 10:05:47.006,0.796,-4.0,0.0,34
2023-01-18 10:06:24.053,0.571,1.0,-1.5,14
2023-01-18 10:07:04.095,0.848,1.0,-2.75,33
2023-01-18 10:07:48.067,0.484,1.0,-1.5,44
2023-01-18 10:12:29.059,0.621,1.0,0.0,7
2023-01-18 10:12:36.116,0.458,1.0,-1.25,41
2023-01-18 10:14:02.201,0.431,1.0,-0.25,13
2023-01-18 10:15:01.317,0.662,-4.0,0.0,200
2023-01-18 10:26:39.019,0.717,1.0,-1.75,14
2023-01-18 10:27:14.129,0.496,1.0,0.0,3
2023-01-18 10:33:51.079,0.441,-4.0,0.0,203
2023-01-18 10:37:34.218,0.59,-4.0,0.0,338
2023-01-18 10:44:50.059,0.404,1.0,-1.25,17
2023-01-18 10:51:39.018,0.676,1.0,-0.5,23
2023-01-18 10:52:03.057,0.46,1.0,-2.75,179
2023-01-18 11:03:29.148,0.577,-4.0,0.0,236
2023-01-18 11:07:26.078,0.481,1.0,0.0,5
2023-01-18 11:07:57.000,0.474,1.0,-1.5,85
2023-01-18 11:16:52.814,0.547,-4.0,0.0,73
2023-01-18 11:20:02.103,0.66,-4.0,0.0,359
2023-01-18 11:35:13.065,0.565,1.0,-1.0,118
2023-01-18 11:37:17.000,0.603,1.0,-0.5,8
2023-01-18 11:37:26.054,0.608,1.0,-0.25,20
2023-01-18 11:39:01.557,0.571,-4.0,0.0,368
2023-01-18 11:46:16.692,0.594,1.0,-1.0,140
2023-01-18 11:49:44.103,0.535,1.0,-1.5,100
2023-01-18 11:52:06.335,0.619,-4.0,0.0,101
2023-01-18 11:57:36.858,0.503,1.0,-2.75,253
2023-01-18 12:02:02.065,0.75,-4.0,0.0,73
2023-01-18 12:08:48.241,0.42,1.0,-0.75,13
2023-01-18 12:10:51.119,0.536,1.0,-0.75,19
2023-01-18 12:14:13.687,0.459,1.0,-1.0,142
2023-01-18 12:19:27.031,0.451,1.0,-1.25,88
2023-01-18 12:22:02.096,0.415,1.0,-1.5,122
2023-01-18 12:26:00.084,0.429,1.0,-0.75,50
2023-01-18 12:27:26.005,0.42,1.0,-1.75,71
2023-01-18 12:29:02.032,0.497,1.0,-0.5,45
2023-01-18 12:29:50.047,0.576,1.0,-1.25,108
2023-01-18 12:33:12.354,0.773,-4.0,0.0,80
2023-01-18 12:36:54.012,0.489,1.0,-0.25,18
2023-01-18 12:38:46.256,0.672,1.0,-1.5,95
2023-01-18 12:40:56.285,0.626,1.0,0.0,20
2023-01-18 12:41:18.225,0.421,1.0,-0.75,61
2023-01-18 12:43:02.030,0.446,1.0,-0.75,48
2023-01-18 12:44:25.264,0.428,1.0,-0.5,15
2023-01-18 12:44:41.059,0.469,1.0,-1.25,64
2023-01-18 12:57:53.704,0.495,-4.0,0.0,450
2023-01-18 13:07:08.044,0.409,1.0,-1.0,50
2023-01-18 13:08:13.234,0.401,1.0,-0.75,44
2023-01-18 13:08:58.034,0.479,1.0,-0.25,9
2023-01-18 13:14:16.091,0.464,1.0,0.0,18
2023-01-18 13:14:40.436,0.65,-4.0,0.0,205
2023-01-18 13:23:43.432,0.508,1.0,-1.5,239
2023-01-18 13:34:19.422,0.432,-4.0,0.0,114
2023-01-18 13:37:01.543,0.433,1.0,0.0,7
2023-01-18 13:39:55.114,0.434,1.0,-2.25,261
2023-01-18 13:48:20.150,0.471,-4.0,0.0,235
2023-01-18 13:54:28.882,0.47,-4.0,0.0,375
2023-01-18 14:01:03.138,0.545,1.0,-1.75,131
2023-01-18 14:04:46.047,0.419,1.0,0.0,6
2023-01-18 14:05:01.657,0.426,1.0,-1.25,128
2023-01-18 14:08:02.470,0.727,1.0,-0.25,25
2023-01-18 14:08:36.055,0.709,1.0,0.0,11
2023-01-18 14:10:35.079,0.453,1.0,-1.25,34
2023-01-18 14:11:10.102,0.477,1.0,-0.5,3
2023-01-18 14:11:24.092,0.418,-4.0,0.0,172
2023-01-18 14:15:38.323,0.485,-4.0,0.0,68
2023-01-18 14:22:43.475,0.424,-4.0,0.0,442
2023-01-18 14:32:58.149,0.434,1.0,-0.75,49
2023-01-18 14:33:54.057,0.637,-4.0,0.0,411
2023-01-18 14:43:30.304,0.696,1.0,-1.0,50
2023-01-18 14:44:34.381,0.539,1.0,-1.25,42
2023-01-18 14:47:46.307,0.478,1.0,-0.25,9
2023-01-18 14:53:02.098,0.465,-4.0,0.0,229
2023-01-18 14:59:47.004,0.415,1.0,0.0,5
2023-01-19 08:30:01.002,0.948,1.0,-0.75,2
2023-01-19 08:30:51.057,0.545,1.0,-0.75,12
2023-01-19 08:34:11.101,0.529,-4.0,0.0,59
2023-01-19 08:36:55.052,0.701,1.0,-2.0,35
2023-01-19 08:44:00.038,0.407,1.0,-1.25,13
2023-01-19 08:49:46.114,0.427,1.0,-0.25,17
2023-01-19 08:50:14.029,0.462,1.0,0.0,2
2023-01-19 08:50:52.199,0.716,1.0,-1.25,74
2023-01-19 08:52:32.015,0.677,1.0,-0.5,19
2023-01-19 08:53:29.001,0.506,1.0,-0.25,4
2023-01-19 08:53:36.040,0.454,1.0,-0.5,20
2023-01-19 08:56:34.150,0.452,1.0,-0.5,22
2023-01-19 08:59:29.398,0.48,1.0,-0.5,12
2023-01-19 09:01:49.118,0.656,1.0,0.0,4
2023-01-19 09:03:41.146,0.475,1.0,-1.75,79
2023-01-19 09:05:25.223,0.755,1.0,-0.75,27
2023-01-19 09:06:18.053,0.488,1.0,-1.75,43
2023-01-19 09:10:45.012,0.466,-4.0,0.0,50
2023-01-19 09:12:18.034,0.755,1.0,-0.25,3
2023-01-19 09:12:29.003,0.414,-4.0,0.0,7
2023-01-19 09:17:33.003,0.592,1.0,0.0,0
2023-01-19 09:17:42.027,0.468,1.0,0.0,2
2023-01-19 09:25:21.021,0.42,1.0,-1.0,21
2023-01-19 09:25:51.015,0.512,1.0,-1.5,52
2023-01-19 09:27:41.497,0.512,-4.0,0.0,19
2023-01-19 09:29:29.242,0.561,-4.0,0.0,156
2023-01-19 09:33:53.298,0.433,-4.0,0.0,175
2023-01-19 09:42:48.007,0.487,-4.0,0.0,61
2023-01-19 09:44:15.080,0.697,1.0,0.0,3
2023-01-19 09:44:59.067,0.612,-4.0,0.0,71
2023-01-19 09:47:05.193,0.81,1.0,-0.5,8
2023-01-19 09:47:15.015,0.592,1.0,-0.5,8
2023-01-19 09:51:14.004,0.699,-4.0,0.0,243
2023-01-19 09:55:40.003,0.466,1.0,-2.75,217
2023-01-19 10:00:27.028,0.617,1.0,-0.5,16
2023-01-19 10:02:21.149,0.526,1.0,-0.5,30
2023-01-19 10:09:59.115,0.431,1.0,-0.25,4
2023-01-19 10:10:19.103,0.568,1.0,-0.5,14
2023-01-19 10:10:49.108,0.816,1.0,-0.25,4
2023-01-19 10:11:41.051,0.582,-4.0,0.0,259
2023-01-19 10:17:49.013,0.616,-4.0,0.0,495
2023-01-19 10:27:36.082,0.55,-1.75,0.0,540
2023-01-19 10:43:09.006,0.601,1.0,-1.0,150
2023-01-19 10:47:46.151,0.414,1.0,0.0,17
2023-01-19 10:49:50.221,0.51,1.0,-2.75,467
2023-01-19 10:57:40.102,0.488,1.0,0.0,5
2023-01-19 10:58:09.494,0.401,1.0,-1.25,102
2023-01-19 11:00:03.129,0.417,1.0,0.0,4
2023-01-19 11:00:11.508,0.545,1.0,-0.25,2
2023-01-19 11:00:14.019,0.406,1.0,-0.5,19
2023-01-19 11:00:36.016,0.658,1.0,-1.5,30
2023-01-19 11:02:01.023,0.442,1.0,-0.5,31
2023-01-19 11:04:15.009,0.543,1.0,-0.75,92
2023-01-19 11:05:53.065,0.524,1.0,-0.25,11
2023-01-19 11:08:31.285,0.426,1.0,-0.75,75
2023-01-19 11:13:03.951,0.408,1.0,0.0,14
2023-01-19 11:14:07.291,0.51,1.0,-0.75,34
2023-01-19 11:14:43.111,0.432,1.0,-0.25,7
2023-01-19 11:16:13.211,0.446,1.0,-0.25,39
2023-01-19 11:18:57.288,0.485,-4.0,0.0,293
2023-01-19 11:36:39.009,0.564,1.0,-1.75,329
2023-01-19 11:48:20.443,0.605,1.0,-0.25,44
2023-01-19 11:52:50.102,0.53,1.0,-0.75,68
2023-01-19 11:55:00.322,0.405,1.0,-1.0,66
2023-01-19 11:56:22.771,0.407,1.0,0.0,33
2023-01-19 11:58:17.014,0.566,1.0,0.0,20
2023-01-19 11:59:01.153,0.512,1.0,0.0,9
2023-01-19 11:59:25.039,0.436,1.0,-0.25,16
2023-01-19 11:59:56.136,0.486,1.0,-0.25,2
2023-01-19 12:00:03.029,0.469,1.0,-2.0,157
2023-01-19 12:03:15.012,0.928,-4.0,0.0,151
2023-01-19 12:09:19.090,0.441,-4.0,0.0,134
2023-01-19 12:13:42.036,0.455,1.0,0.0,16
2023-01-19 12:13:59.022,0.442,1.0,-0.75,39
2023-01-19 12:14:49.088,0.408,-4.0,0.0,25
2023-01-19 12:15:39.190,0.445,1.0,-1.25,13
2023-01-19 12:16:02.197,0.651,1.0,-1.75,130
2023-01-19 12:24:57.010,0.452,-4.0,0.0,110
2023-01-19 12:26:51.624,0.411,1.0,-0.75,81
2023-01-19 12:28:54.696,0.426,1.0,-0.5,66
2023-01-19 12:30:18.045,0.832,1.0,-0.25,16
2023-01-19 12:32:17.100,0.533,1.0,-3.0,225
2023-01-19 12:36:15.001,0.678,1.0,-1.0,20
2023-01-19 12:39:43.040,0.461,1.0,-0.5,22
2023-01-19 12:42:27.156,0.567,-4.0,0.0,247
2023-01-19 12:50:32.468,0.534,1.0,-2.0,201
2023-01-19 12:56:02.055,0.407,1.0,-2.0,126
2023-01-19 13:04:50.035,0.503,-4.0,0.0,104
2023-01-19 13:06:34.000,0.402,1.0,-1.75,101
2023-01-19 13:09:15.113,0.6,1.0,-0.5,32
2023-01-19 13:12:52.086,0.432,1.0,-0.5,11
2023-01-19 13:14:42.320,0.727,1.0,-1.0,31
2023-01-19 13:15:20.027,0.471,1.0,-0.75,56
2023-01-19 13:19:54.173,0.49,1.0,-0.75,49
2023-01-19 13:32:19.013,0.525,1.0,0.0,18
2023-01-19 13:32:39.010,0.429,1.0,-0.25,6
2023-01-19 13:45:05.137,0.44,1.0,-1.25,63
2023-01-19 13:53:03.219,0.522,1.0,-2.75,216
2023-01-19 13:57:38.093,0.433,1.0,-0.5,37
2023-01-19 13:58:45.069,0.51,1.0,-0.25,32
2023-01-19 13:59:19.018,0.413,1.0,-2.0,82
2023-01-19 14:01:30.027,0.437,1.0,0.0,4
2023-01-19 14:03:48.038,0.446,-4.0,0.0,142
2023-01-19 14:12:42.010,0.409,1.0,-2.5,157
2023-01-19 14:15:19.041,0.856,1.0,0.0,10
2023-01-19 14:15:33.021,0.426,-4.0,0.0,77
2023-01-19 14:24:30.020,0.552,1.0,-1.5,132
2023-01-19 14:26:54.056,0.465,1.0,0.0,4
2023-01-19 14:28:44.133,0.404,1.0,0.0,18
2023-01-19 14:29:10.056,0.527,1.0,0.0,14
2023-01-19 14:35:05.027,0.596,1.0,-1.5,88
2023-01-19 14:40:27.146,0.491,-4.0,0.0,190
2023-01-19 14:44:49.113,0.695,1.0,-0.25,29
2023-01-19 14:45:18.003,0.487,1.0,-0.5,20
2023-01-19 14:45:45.010,0.509,1.0,0.0,1
2023-01-19 14:46:05.022,0.512,-4.0,0.0,363
2023-01-19 14:52:44.061,0.649,-4.0,0.0,160
2023-01-19 14:56:17.752,0.442,-4.0,0.0,206
2023-01-19 14:59:44.005,0.573,1.0,-1.0,16
2023-01-19 15:00:24.026,0.51,3.25,0.0,0
2023-01-19 15:02:52.120,0.522,-4.0,0.0,214
2023-01-19 15:11:33.008,0.441,1.0,-1.25,375
2023-01-20 08:30:05.001,0.664,1.0,-1.25,10
2023-01-20 08:30:23.019,0.687,1.0,0.0,0
2023-01-20 08:33:47.035,0.53,1.0,0.0,0
2023-01-20 08:39:42.041,0.491,1.0,-1.25,40
2023-01-20 08:41:48.155,0.507,1.0,-1.75,92
2023-01-20 08:45:54.097,0.627,1.0,-3.25,156
2023-01-20 09:00:43.002,0.411,1.0,-0.5,4
2023-01-20 09:01:12.018,0.475,1.0,0.0,5
2023-01-20 09:01:22.328,0.569,1.0,-0.5,15
2023-01-20 09:06:24.097,0.611,1.0,-0.25,3
2023-01-20 09:07:24.331,0.565,1.0,-0.5,36
2023-01-20 09:09:03.000,0.785,-4.0,0.0,144
2023-01-20 09:12:23.109,0.698,1.0,-0.25,12
2023-01-20 09:13:33.012,0.417,1.0,-0.5,13
2023-01-20 09:14:59.026,0.592,1.0,-0.75,62
2023-01-20 09:16:15.363,0.507,-4.0,0.0,63
2023-01-20 09:22:16.371,0.456,1.0,-0.25,6
2023-01-20 09:23:18.011,0.403,1.0,0.0,2
2023-01-20 09:24:41.240,0.448,1.0,-3.0,209
2023-01-20 09:30:07.006,0.587,1.0,-0.25,6
2023-01-20 09:30:40.038,0.458,-4.0,0.0,69
2023-01-20 09:40:12.046,0.473,1.0,0.0,4
2023-01-20 09:40:17.004,0.423,-4.0,0.0,113
2023-01-20 09:49:40.874,0.526,1.0,-0.25,15
2023-01-20 09:50:03.259,0.59,1.0,-3.0,270
2023-01-20 09:55:01.017,0.51,1.0,-1.5,49
2023-01-20 09:55:55.352,0.605,1.0,-2.0,63
2023-01-20 09:57:13.266,0.459,1.0,-3.0,249
2023-01-20 10:06:37.013,0.699,1.0,-0.25,62
2023-01-20 10:07:53.071,0.455,1.0,-2.25,190
2023-01-20 10:11:19.093,0.425,1.0,-0.5,48
2023-01-20 10:12:09.187,0.614,1.0,0.0,10
2023-01-20 10:12:27.081,0.517,1.0,-2.25,454
2023-01-20 10:20:19.225,0.553,1.0,-2.75,373
2023-01-20 10:27:48.342,0.436,1.0,-0.5,17
2023-01-20 10:28:58.471,0.514,1.0,0.0,14
2023-01-20 10:29:14.059,0.477,1.0,-0.25,7
2023-01-20 10:29:23.003,0.479,1.0,0.0,4
2023-01-20 10:30:09.097,0.426,1.0,-2.0,172
2023-01-20 10:38:34.018,0.547,1.0,-3.5,536
2023-01-20 10:47:47.037,0.598,-4.0,0.0,469
2023-01-20 10:55:43.349,0.736,1.0,0.0,8
2023-01-20 10:58:43.169,0.543,1.0,-2.25,199
2023-01-20 11:07:42.580,0.476,1.0,0.0,29
2023-01-20 11:08:19.127,0.531,1.0,-0.25,19
2023-01-20 11:13:35.216,0.452,1.0,-1.5,182
2023-01-20 11:41:00.019,0.429,1.0,-0.5,97
2023-01-20 11:53:08.139,0.711,-4.0,0.0,322
2023-01-20 11:58:37.027,0.426,1.0,-0.5,85
2023-01-20 12:00:11.175,0.533,1.0,-0.25,0
2023-01-20 12:01:04.030,0.406,1.0,-1.0,35
2023-01-20 12:03:57.004,0.504,-4.0,0.0,379
2023-01-20 12:20:20.002,0.456,1.0,-1.0,62
2023-01-20 12:24:06.394,0.401,1.0,-0.5,56
2023-01-20 12:28:03.010,0.453,1.0,-0.5,26
2023-01-20 12:36:07.213,0.612,1.0,0.0,4
2023-01-20 12:36:11.005,0.492,1.0,0.0,10
2023-01-20 12:36:22.004,0.452,2.75,-0.25,10
2023-01-20 12:37:30.162,0.409,1.0,-0.75,39
2023-01-20 12:45:03.035,0.507,1.0,-1.5,220
2023-01-20 12:49:22.012,0.573,1.0,-0.25,5
2023-01-20 12:50:50.018,0.504,-1.0,0.0,540
2023-01-20 13:00:58.024,0.531,1.0,-1.0,66
2023-01-20 13:02:11.123,0.466,1.0,-1.75,525
2023-01-20 13:10:56.008,0.421,1.0,-0.25,38
2023-01-20 13:11:55.280,0.479,1.0,-0.5,139
2023-01-20 13:36:42.685,0.46,1.0,-0.5,130
2023-01-20 13:44:19.105,0.508,-4.0,0.0,427
2023-01-20 13:52:21.450,0.473,1.0,-0.25,46
2023-01-20 13:53:20.013,0.458,1.0,-2.0,311
2023-01-20 14:01:04.096,0.588,1.0,-0.5,36
2023-01-20 14:03:25.027,0.504,1.0,-0.25,5
2023-01-20 14:14:47.494,0.55,1.0,-0.25,28
2023-01-20 14:15:16.054,0.414,1.0,-0.5,11
2023-01-20 14:15:31.035,0.524,1.0,-0.25,13
2023-01-20 14:15:51.031,0.483,-4.0,0.0,263
2023-01-20 14:28:16.393,0.501,1.0,-0.25,28
2023-01-20 14:31:26.027,0.467,-4.0,0.0,223
2023-01-20 14:35:39.257,0.465,1.0,-1.0,99
2023-01-20 14:39:33.006,0.504,1.0,-1.5,147
2023-01-20 14:42:08.644,0.479,1.0,-3.5,408
2023-01-20 14:51:13.114,0.583,1.0,-1.0,57
2023-01-20 14:54:00.000,0.578,1.0,-0.75,40
2023-01-20 14:59:26.010,0.755,1.0,-0.25,9
2023-01-20 14:59:51.004,0.432,-4.0,0.0,16
2023-01-20 15:03:03.554,0.913,-1.25,0.0,540
2023-01-20 15:13:10.013,0.673,1.0,-0.25,32
2023-01-20 15:17:46.791,0.44,1.0,-0.5,179
2023-01-20 15:26:20.033,0.655,1.0,-1.25,452
2023-01-23 08:31:04.002,0.535,-4.0,0.0,49
2023-01-23 08:35:38.017,0.458,1.0,-0.25,5
2023-01-23 08:41:16.105,0.442,1.0,-2.75,52
2023-01-23 08:48:29.144,0.512,1.0,0.0,6
2023-01-23 08:52:22.018,0.454,1.0,-0.25,15
2023-01-23 08:54:39.163,0.512,1.0,-0.75,33
2023-01-23 08:58:06.429,0.405,1.0,-0.75,29
2023-01-23 08:58:36.112,0.823,1.0,-1.75,58
2023-01-23 09:00:04.003,0.463,1.0,-0.25,12
2023-01-23 09:02:00.001,0.68,1.0,-1.25,24
2023-01-23 09:05:36.059,0.536,1.0,-2.25,141
2023-01-23 09:11:23.165,0.576,1.0,0.0,0
2023-01-23 09:11:30.015,0.867,1.0,-0.5,4
2023-01-23 09:12:44.054,0.477,1.0,-1.0,28
2023-01-23 09:18:58.421,0.698,1.0,-0.25,10
2023-01-23 09:19:12.056,0.66,1.0,-3.0,205
2023-01-23 09:23:02.007,0.508,1.0,0.0,16
2023-01-23 09:25:40.091,0.86,1.0,-1.5,154
2023-01-23 09:38:15.016,0.488,1.0,0.0,12
2023-01-23 09:38:44.061,0.448,1.0,-1.0,121
2023-01-23 09:42:15.019,0.464,1.0,-1.75,100
2023-01-23 09:44:33.457,0.438,1.0,-0.25,25
2023-01-23 09:46:55.281,0.611,1.0,-1.0,48
2023-01-23 09:48:01.012,0.836,1.0,-0.75,22
2023-01-23 09:48:30.031,0.485,1.0,-0.25,41
2023-01-23 09:50:50.064,0.444,1.0,-0.25,13
2023-01-23 09:53:36.017,0.59,1.0,-2.0,271
2023-01-23 09:59:05.343,0.478,1.0,-2.75,235
2023-01-23 10:04:02.015,0.472,1.0,0.0,0
2023-01-23 10:06:06.022,0.438,1.0,-0.5,21
2023-01-23 10:06:48.163,0.479,1.0,-0.25,11
2023-01-23 10:07:14.002,0.486,1.0,-0.75,14
2023-01-23 10:13:16.201,0.732,-4.0,0.0,277
2023-01-23 10:22:34.231,0.48,1.0,-0.25,20
2023-01-23 10:36:02.257,0.564,1.0,-3.25,98
2023-01-23 10:46:57.178,0.551,1.0,-0.5,85
2023-01-23 10:48:26.467,0.426,1.0,-0.5,44
2023-01-23 10:49:23.082,0.468,1.0,0.0,10
2023-01-23 10:49:33.289,0.529,1.0,-3.25,411
2023-01-23 11:00:43.025,0.547,-4.0,0.0,394
2023-01-23 11:12:58.229,0.464,1.0,-0.25,9
2023-01-23 11:13:16.737,0.408,1.0,-1.5,161
2023-01-23 11:16:18.379,0.415,1.0,-0.25,16
2023-01-23 11:19:40.060,0.68,1.0,-2.5,266
2023-01-23 11:26:10.418,0.851,1.0,-0.25,40
2023-01-23 11:28:21.076,0.45,1.0,-2.0,532
2023-01-23 11:37:19.017,0.524,1.0,-0.25,71
2023-01-23 11:38:50.137,0.445,-1.5,0.0,539
2023-01-23 11:52:03.000,0.564,1.0,0.0,5
2023-01-23 11:52:18.084,0.506,1.0,-0.5,36
2023-01-23 11:54:30.002,0.802,1.0,-1.5,292
2023-01-23 12:02:04.221,0.442,-1.25,0.0,540
2023-01-23 12:11:15.016,0.51,1.0,-1.5,60
2023-01-23 12:17:07.308,0.412,1.0,-1.0,60
2023-01-23 12:20:33.045,0.717,-1.25,0.0,540
2023-01-23 12:37:24.213,0.494,1.0,-0.25,29
2023-01-23 12:38:34.248,0.684,1.0,-0.25,22
2023-01-23 12:43:43.424,0.559,1.0,-0.25,31
2023-01-23 12:46:44.213,0.728,1.0,-0.5,81
2023-01-23 12:48:12.083,0.53,-4.0,0.0,260
2023-01-23 13:01:59.345,0.498,1.0,-2.0,201
2023-01-23 13:09:41.700,0.546,-4.0,0.0,177
2023-01-23 13:16:56.214,0.413,1.0,0.0,12
2023-01-23 13:17:19.303,0.411,1.0,-1.0,65
2023-01-23 13:18:53.064,0.482,1.0,0.0,12
2023-01-23 13:24:39.128,0.412,-4.0,0.0,178
2023-01-23 13:33:40.378,0.409,-4.0,0.0,110
2023-01-23 13:36:00.018,0.419,-4.0,0.0,121
2023-01-23 13:38:37.028,0.628,1.0,-0.5,37
2023-01-23 13:40:11.089,0.698,1.0,-1.25,81
2023-01-23 13:45:40.028,0.848,-4.0,0.0,36
2023-01-23 13:46:33.020,0.492,1.0,-0.5,5
2023-01-23 13:48:40.032,0.758,1.0,-0.5,12
2023-01-23 13:48:53.034,0.433,1.0,-0.25,11
2023-01-23 13:49:07.026,0.45,1.0,-1.5,13
2023-01-23 13:49:32.231,0.552,-4.0,0.0,269
2023-01-23 13:54:29.052,0.581,1.0,0.0,1
2023-01-23 13:54:59.372,0.476,1.0,0.0,2
2023-01-23 13:55:09.008,0.72,1.0,-1.0,13
2023-01-23 13:56:21.053,0.514,1.0,-1.25,12
2023-01-23 13:56:50.106,0.61,-4.0,0.0,89
2023-01-23 14:01:29.025,0.511,-4.0,0.0,218
2023-01-23 14:05:50.127,0.475,1.0,-1.5,52
2023-01-23 14:06:46.122,0.637,1.0,-0.75,14
2023-01-23 14:12:49.533,0.469,1.0,0.0,9
2023-01-23 14:13:16.073,0.403,1.0,-0.25,5
2023-01-23 14:13:22.133,0.451,1.0,-0.25,27
2023-01-23 14:18:04.237,0.403,1.0,0.0,2
2023-01-23 14:20:51.083,0.56,1.0,0.0,4
2023-01-23 14:22:06.106,0.483,-4.0,0.0,250
2023-01-23 14:27:10.028,0.417,1.0,-2.5,66
2023-01-23 14:28:45.086,0.542,1.0,-1.0,79
2023-01-23 14:32:04.170,0.463,-4.0,0.0,183
2023-01-23 14:38:12.233,0.412,1.0,0.0,8
2023-01-23 14:38:24.211,0.615,1.0,-0.25,8
2023-01-23 14:40:39.018,0.563,1.0,-2.25,143
2023-01-23 14:43:30.022,0.459,1.0,-0.75,33
2023-01-23 14:44:17.115,0.647,1.0,-0.5,35
2023-01-23 14:48:23.889,0.502,1.0,-1.75,97
2023-01-23 14:50:07.001,0.412,1.0,-1.5,40
2023-01-23 14:55:10.212,0.606,1.0,-0.75,42
2023-01-23 14:56:53.016,0.576,-4.0,0.0,118
2023-01-23 15:00:01.000,0.646,-4.0,0.0,71
2023-01-23 15:03:06.065,0.49,1.0,0.0,14
2023-01-23 15:04:10.296,0.544,-0.75,0.0,540
2023-01-24 08:30:01.003,0.42,-4.0,0.0,5
2023-01-24 08:30:17.074,0.936,1.0,-1.0,8
2023-01-24 08:30:42.024,0.76,1.0,-2.0,27
2023-01-24 08:36:12.230,0.479,1.0,-0.5,11
2023-01-24 08:36:37.092,0.439,1.0,-0.25,2
2023-01-24 08:36:48.340,0.429,-4.0,0.0,34
2023-01-24 08:37:23.042,0.668,1.0,-1.0,23
2023-01-24 08:38:00.004,0.437,1.0,-0.25,3
2023-01-24 08:39:43.112,0.75,1.0,-0.5,6
2023-01-24 08:39:58.055,0.552,1.0,-1.25,18
2023-01-24 08:40:41.012,0.727,1.0,-0.25,8
2023-01-24 08:40:52.069,0.548,1.0,-0.75,4
2023-01-24 08:41:16.039,0.401,1.0,-0.75,23
2023-01-24 08:41:55.018,0.576,1.0,-0.5,10
2023-01-24 08:42:25.029,0.529,1.0,-0.25,1
2023-01-24 08:42:41.090,0.678,1.0,-0.75,47
2023-01-24 08:45:35.016,0.702,1.0,0.0,0
2023-01-24 08:46:09.023,0.551,1.0,-2.0,15
2023-01-24 08:46:36.084,0.696,1.0,-0.75,7
2023-01-24 08:47:32.007,0.588,-4.0,0.0,26
2023-01-24 08:49:34.011,0.557,1.0,0.0,2
2023-01-24 08:50:20.067,0.417,1.0,-1.5,40
2023-01-24 08:53:14.060,0.725,1.0,-0.5,14
2023-01-24 08:58:26.485,0.471,1.0,-0.75,23
2023-01-24 08:59:38.026,0.531,1.0,-1.75,37
2023-01-24 09:00:25.005,0.448,1.0,0.0,0
2023-01-24 09:01:45.014,0.457,1.0,-0.75,4
2023-01-24 09:01:49.008,0.455,1.0,0.0,1
2023-01-24 09:05:46.025,0.864,1.0,0.0,0
2023-01-24 09:06:23.009,0.497,1.0,-0.25,23
2023-01-24 09:15:21.081,0.895,-4.0,0.0,71
2023-01-24 09:18:28.010,0.424,-4.0,0.0,79
2023-01-24 09:25:24.075,0.662,1.0,-1.25,46
2023-01-24 09:26:10.177,0.466,1.0,-0.75,17
2023-01-24 09:29:08.019,0.527,1.0,-0.25,12
2023-01-24 09:29:42.008,0.464,-4.0,0.0,44
2023-01-24 09:37:03.016,0.509,1.0,-1.0,11
2023-01-24 09:47:52.296,0.519,1.0,-0.25,9
2023-01-24 09:53:37.061,0.419,1.0,-0.5,21
2023-01-24 09:58:04.148,0.433,-3.5,0.0,540
2023-01-24 10:07:51.113,0.408,1.0,-0.25,17
2023-01-24 10:08:46.004,0.475,1.0,-1.0,55
2023-01-24 10:14:27.397,0.615,1.0,-1.25,51
2023-01-24 10:22:22.047,0.626,1.0,-1.5,101
2023-01-24 10:25:49.188,0.456,1.0,-0.25,26
2023-01-24 10:26:57.223,0.699,1.0,0.0,4
2023-01-24 10:27:03.272,0.706,1.0,-1.75,104
2023-01-24 10:28:58.388,0.416,1.0,-0.25,37
2023-01-24 10:32:36.425,0.555,1.0,-2.75,457
2023-01-24 10:40:15.040,0.5,-4.0,0.0,69
2023-01-24 10:46:35.316,0.422,1.0,-1.5,192
2023-01-24 10:50:55.597,0.894,1.0,-0.75,17
2023-01-24 10:51:13.417,0.51,-4.0,0.0,187
2023-01-24 10:59:35.215,0.417,-4.0,0.0,92
2023-01-24 11:06:10.060,0.765,1.0,-0.75,57
2023-01-24 11:16:33.022,0.441,1.0,-0.25,10
2023-01-24 11:26:58.270,0.489,1.0,-0.75,22
2023-01-24 11:29:42.493,0.799,-4.0,0.0,362
2023-01-24 11:36:53.216,0.569,1.0,0.0,17
2023-01-24 11:40:57.591,0.422,-1.25,0.0,540
2023-01-24 11:51:10.519,0.419,1.0,-2.75,299
2023-01-24 11:56:31.068,0.417,1.0,-3.25,316
2023-01-24 12:04:40.016,0.604,1.0,-2.0,32
2023-01-24 12:07:02.809,0.413,1.0,-0.5,29
2023-01-24 12:10:25.111,0.403,1.0,-0.75,77
2023-01-24 12:11:43.029,0.465,1.0,0.0,2
2023-01-24 12:12:18.198,0.403,1.0,0.0,28
2023-01-24 12:19:31.098,0.455,1.0,-0.5,17
2023-01-24 12:19:48.019,0.45,-4.0,0.0,414
2023-01-24 12:33:19.046,0.649,1.0,0.0,72
2023-01-24 12:35:32.018,0.418,1.0,-1.0,140
2023-01-24 12:41:04.303,0.549,1.0,0.0,15
2023-01-24 12:48:27.017,0.476,-0.75,0.0,540
2023-01-24 12:57:35.130,0.444,-4.0,0.0,208
2023-01-24 13:01:07.175,0.601,-4.0,0.0,36
2023-01-24 13:05:31.103,0.504,1.0,-0.25,23
2023-01-24 13:06:20.184,0.42,1.0,-2.0,96
2023-01-24 13:09:31.361,0.434,1.0,-0.75,39
2023-01-24 13:10:44.157,0.415,1.0,0.0,8
2023-01-24 13:17:53.126,0.428,0.5,-3.5,540
2023-01-24 13:33:08.484,0.413,1.0,-0.25,15
2023-01-24 13:42:24.945,0.412,1.0,0.0,21
2023-01-24 13:44:07.710,0.508,1.0,-0.5,63
2023-01-24 13:46:36.196,0.41,1.0,-1.0,86
2023-01-24 13:48:44.542,0.472,-4.0,0.0,103
2023-01-24 13:50:59.708,0.442,1.0,-1.75,132
2023-01-24 13:57:04.989,0.531,1.0,-1.0,133
2023-01-24 14:02:58.560,0.554,-4.0,0.0,391
2023-01-24 14:10:16.518,0.558,1.0,-1.5,116
2023-01-24 14:16:00.026,0.416,1.0,-0.25,36
2023-01-24 14:18:07.246,0.52,1.0,-0.25,32
2023-01-24 14:20:47.232,0.444,1.0,-1.75,219
2023-01-24 14:24:39.177,0.475,1.0,-2.75,185
2023-01-24 14:27:51.200,0.418,1.0,-0.5,56
2023-01-24 14:29:13.282,0.432,-4.0,0.0,127
2023-01-24 14:32:11.326,0.472,-4.0,0.0,119
2023-01-24 14:41:40.154,0.722,1.0,-0.25,19
2023-01-24 14:42:14.572,0.575,1.0,-1.75,154
2023-01-24 14:48:01.658,0.458,1.0,-0.25,27
2023-01-24 14:49:12.016,0.6,1.0,0.0,8
2023-01-24 14:49:23.069,0.496,1.0,-2.0,41
2023-01-24 14:50:11.036,0.417,1.0,-1.0,21
2023-01-24 14:59:27.015,0.693,1.0,0.0,1
2023-01-24 14:59:41.016,0.487,-4.0,0.0,17
2023-01-24 15:00:51.207,0.758,1.0,-0.5,15
2023-01-24 15:06:30.005,0.415,1.0,-3.5,238
2023-01-24 15:16:44.178,0.592,1.0,-0.75,82
2023-01-24 15:20:46.720,0.439,-4.0,0.0,222
2023-01-25 08:30:23.015,0.438,1.0,-0.75,9
2023-01-25 08:30:57.073,0.875,1.0,-2.0,15
2023-01-25 08:31:13.027,0.706,-4.0,0.0,71
2023-01-25 08:32:24.015,0.403,1.0,-2.5,87
2023-01-25 08:40:36.012,0.46,1.0,0.0,2
2023-01-25 08:43:53.034,0.538,1.0,-1.0,20
2023-01-25 08:45:13.047,0.58,1.0,-0.25,2
2023-01-25 08:48:40.102,0.429,-4.0,0.0,164
2023-01-25 08:51:49.012,0.554,1.0,-0.75,11
2023-01-25 08:52:37.312,0.433,1.0,-0.75,21
2023-01-25 08:53:19.400,0.402,-4.0,0.0,34
2023-01-25 08:54:00.004,0.461,-4.0,0.0,163
2023-01-25 09:00:48.026,0.815,1.0,-1.25,14
2023-01-25 09:02:13.030,0.467,1.0,-0.5,4
2023-01-25 09:02:45.008,0.492,1.0,0.0,1
2023-01-25 09:03:05.262,0.626,1.0,0.0,22
2023-01-25 09:06:07.000,0.576,1.0,-0.75,4
2023-01-25 09:10:19.043,0.483,1.0,-0.25,9
2023-01-25 09:11:01.201,0.581,1.0,-0.5,9
2023-01-25 09:11:24.010,0.714,1.0,0.0,6
2023-01-25 09:11:52.005,0.438,-4.0,0.0,140
2023-01-25 09:16:12.113,0.425,1.0,-1.25,52
2023-01-25 09:21:21.254,0.438,-4.0,0.0,205
2023-01-25 09:26:56.286,0.416,1.0,-1.25,16
2023-01-25 09:30:10.024,0.817,-4.0,0.0,17
2023-01-25 09:34:48.172,0.743,1.0,-0.25,15
2023-01-25 09:41:35.116,0.495,1.0,-0.5,17
2023-01-25 09:42:35.017,0.518,1.0,-0.25,6
2023-01-25 09:42:44.124,0.525,1.0,-0.25,13
2023-01-25 09:45:57.037,0.422,1.0,-0.5,4
2023-01-25 09:48:56.519,0.501,1.0,-0.25,9
2023-01-25 09:49:24.009,0.608,-4.0,0.0,52
2023-01-25 09:51:31.011,0.565,1.0,-0.25,22
2023-01-25 09:56:56.132,0.406,1.0,0.0,4
2023-01-25 09:57:07.017,0.476,1.0,-1.0,19
2023-01-25 10:00:26.753,0.44,1.0,-1.0,25
2023-01-25 10:01:38.008,0.585,1.0,-0.75,64
2023-01-25 10:04:37.602,0.567,1.0,-0.25,8
2023-01-25 10:04:47.095,0.866,1.0,-0.25,2
2023-01-25 10:05:34.209,0.534,1.0,-3.25,332
2023-01-25 10:11:34.034,0.622,1.0,-1.75,42
2023-01-25 10:15:36.384,0.56,1.0,-2.5,231
2023-01-25 10:19:56.028,0.514,1.0,-0.25,3
2023-01-25 10:20:00.020,0.407,1.0,-3.25,66
2023-01-25 10:23:59.244,0.439,1.0,-3.25,431
2023-01-25 10:34:50.029,0.442,1.0,-2.75,181
2023-01-25 10:38:51.046,0.602,1.0,0.0,4
2023-01-25 10:44:41.207,0.682,1.0,-0.25,19
2023-01-25 10:48:26.103,0.45,1.0,-0.75,38
2023-01-25 10:49:31.155,0.416,1.0,-0.75,21
2023-01-25 10:51:07.106,0.452,1.0,0.0,3
2023-01-25 10:51:26.036,0.512,1.0,-0.25,11
2023-01-25 10:54:31.235,0.649,1.0,-0.25,38
2023-01-25 10:55:53.135,0.454,1.0,-0.75,23
2023-01-25 10:57:55.115,0.53,-4.0,0.0,424
2023-01-25 11:05:12.025,0.633,1.0,-2.0,188
2023-01-25 11:11:00.105,0.472,1.0,-3.25,258
2023-01-25 11:15:26.069,0.674,-4.0,0.0,326
2023-01-25 11:21:50.000,0.435,-0.25,0.0,540
2023-01-25 11:33:17.008,0.418,1.0,-1.0,130
2023-01-25 11:52:40.216,0.403,1.0,-0.5,43
2023-01-25 11:58:05.162,0.564,1.0,0.0,11
2023-01-25 12:00:35.385,0.716,1.0,-0.75,50
2023-01-25 12:01:53.006,0.441,1.0,0.0,9
2023-01-25 12:02:18.038,0.535,-4.0,0.0,55
2023-01-25 12:03:44.254,0.481,1.0,-3.0,159
2023-01-25 12:06:33.455,0.704,1.0,-1.5,54
2023-01-25 12:07:44.481,0.781,1.0,-1.75,194
2023-01-25 12:11:07.386,0.507,1.0,-0.25,9
2023-01-25 12:11:36.032,0.777,1.0,0.0,0
2023-01-25 12:12:06.017,0.472,1.0,0.0,2
2023-01-25 12:12:17.260,0.596,1.0,-2.25,190
2023-01-25 12:17:16.007,0.564,1.0,-1.0,135
2023-01-25 12:19:32.008,0.526,1.0,-1.0,75
2023-01-25 12:25:43.045,0.47,1.0,-0.25,32
2023-01-25 12:26:20.095,0.554,1.0,-0.25,57
2023-01-25 12:29:14.022,0.58,1.0,-0.5,23
2023-01-25 12:35:14.125,0.559,1.0,-0.5,38
2023-01-25 12:36:02.031,0.603,1.0,-0.25,20
2023-01-25 12:37:24.031,0.544,1.0,-2.0,356
2023-01-25 12:45:47.543,0.555,1.0,-0.25,13
2023-01-25 12:46:20.033,0.748,1.0,-1.25,129
2023-01-25 12:49:12.614,0.444,1.0,-1.0,129
2023-01-25 12:54:50.007,0.409,1.0,-0.5,21
2023-01-25 12:55:31.587,0.467,1.0,-2.25,248
2023-01-25 13:09:52.284,0.417,1.0,-0.5,46
2023-01-25 13:10:40.049,0.417,1.0,-0.5,69
2023-01-25 13:12:09.041,0.627,1.0,-0.25,15
2023-01-25 13:12:58.048,0.623,1.0,-1.0,20
2023-01-25 13:13:21.053,0.501,1.0,-1.0,106
2023-01-25 13:15:31.102,0.689,1.0,-0.75,12
2023-01-25 13:15:49.077,0.696,1.0,0.0,22
2023-01-25 13:19:51.003,0.478,-4.0,0.0,78
2023-01-25 13:21:10.035,0.462,1.0,-0.25,6
2023-01-25 13:22:52.454,0.456,-4.0,0.0,141
2023-01-25 13:25:18.007,0.594,1.0,0.0,4
2023-01-25 13:25:26.144,0.497,-4.0,0.0,139
2023-01-25 13:30:09.357,0.45,1.0,-1.75,156
2023-01-25 13:32:48.367,0.416,-4.0,0.0,45
2023-01-25 13:33:50.046,0.811,1.0,-2.25,176
2023-01-25 13:41:13.082,0.446,1.0,-0.75,21
2023-01-25 13:42:15.652,0.549,1.0,-2.5,328
2023-01-25 13:49:19.153,0.642,1.0,-0.75,17
2023-01-25 13:51:29.107,0.554,1.0,-0.25,8
2023-01-25 13:56:21.209,0.514,1.0,0.0,7
2023-01-25 13:59:54.241,0.547,1.0,-0.25,10
2023-01-25 14:00:37.295,0.447,1.0,-0.75,36
2023-01-25 14:01:17.051,0.503,1.0,-2.25,191
2023-01-25 14:04:54.080,0.606,1.0,-1.75,211
2023-01-25 14:08:35.010,0.463,1.0,-0.75,45
2023-01-25 14:09:23.207,0.413,1.0,-0.75,93
2023-01-25 14:11:24.131,0.539,-4.0,0.0,104
2023-01-25 14:16:22.047,0.436,1.0,-1.5,77
2023-01-25 14:33:54.101,0.467,-4.0,0.0,131
2023-01-25 14:44:02.103,0.402,-4.0,0.0,174
2023-01-25 14:50:13.015,0.469,-4.0,0.0,203
2023-01-25 14:53:58.004,0.521,1.0,-1.0,32
2023-01-25 14:54:48.027,0.401,1.0,-0.5,12
2023-01-25 14:55:24.067,0.474,1.0,-0.25,2
2023-01-25 14:55:29.192,0.475,1.0,-1.25,151
2023-01-25 14:58:47.001,0.479,1.0,-0.25,17
2023-01-25 14:59:58.000,0.827,1.0,-0.25,2
2023-01-25 15:00:47.001,0.587,1.0,-1.25,49
2023-01-25 15:01:50.017,0.578,-4.0,0.0,250
2023-01-25 15:11:32.577,0.493,-4.0,0.0,20
2023-01-26 08:30:01.002,0.471,1.0,-3.25,36
2023-01-26 08:31:27.034,0.597,1.0,-3.0,84
2023-01-26 08:35:08.022,0.443,1.0,0.0,1
2023-01-26 08:37:53.078,0.615,1.0,-1.25,32
2023-01-26 08:42:39.143,0.543,-4.0,0.0,33
2023-01-26 08:43:29.029,0.414,1.0,0.0,2
2023-01-26 08:47:57.017,0.461,1.0,-1.0,31
2023-01-26 08:49:56.054,0.852,-4.0,0.0,34
2023-01-26 08:53:35.036,0.41,-4.0,0.0,43
2023-01-26 08:57:49.041,0.425,1.0,-1.25,15
2023-01-26 08:58:06.018,0.751,1.0,-0.5,9
2023-01-26 09:00:40.030,0.584,1.0,-1.25,9
2023-01-26 09:02:35.017,0.468,1.0,0.0,1
2023-01-26 09:06:21.283,0.406,-4.0,0.0,13
2023-01-26 09:07:04.022,0.569,1.0,0.0,2
2023-01-26 09:07:12.062,0.509,1.0,-0.25,3
2023-01-26 09:07:16.011,0.476,-4.0,0.0,25
2023-01-26 09:08:05.002,0.518,1.0,0.0,8
2023-01-26 09:08:32.031,0.579,1.0,0.0,2
2023-01-26 09:09:05.091,0.816,1.0,-1.25,47
2023-01-26 09:14:01.032,0.477,1.0,-0.75,7
2023-01-26 09:15:46.098,0.405,1.0,0.0,1
2023-01-26 09:28:26.024,0.808,-4.0,0.0,42
2023-01-26 09:29:17.048,0.401,1.0,-0.25,11
2023-01-26 09:30:47.000,0.797,1.0,-0.5,13
2023-01-26 09:34:05.116,0.483,1.0,-1.75,47
2023-01-26 09:37:22.200,0.48,1.0,0.0,3
2023-01-26 09:37:28.003,0.54,-4.0,0.0,34
2023-01-26 09:38:23.128,0.466,1.0,-1.75,38
2023-01-26 09:39:49.038,0.732,1.0,-2.5,34
2023-01-26 09:41:57.343,0.511,1.0,-0.25,11
2023-01-26 09:47:51.379,0.546,1.0,-0.5,10
2023-01-26 09:48:08.231,0.428,1.0,-1.25,88
2023-01-26 09:55:22.135,0.401,1.0,-1.5,55
2023-01-26 09:57:50.023,0.412,1.0,-2.0,72
2023-01-26 09:59:56.012,0.799,1.0,-3.25,99
2023-01-26 10:11:25.007,0.436,1.0,-1.25,24
2023-01-26 10:18:04.033,0.463,1.0,0.0,7
2023-01-26 10:22:34.342,0.452,1.0,-1.0,24
2023-01-26 10:25:57.180,0.573,1.0,-1.0,11
2023-01-26 10:26:08.076,0.51,1.0,0.0,2
2023-01-26 10:26:18.065,0.432,1.0,-0.75,33
2023-01-26 10:30:13.015,0.638,1.0,0.0,3
2023-01-26 10:33:39.251,0.445,1.0,-1.25,41
2023-01-26 10:35:53.760,0.438,1.0,-0.75,49
2023-01-26 10:36:56.119,0.432,-4.0,0.0,133
2023-01-26 10:39:10.006,0.426,1.0,-2.75,177
2023-01-26 10:42:21.003,0.544,1.0,-0.25,10
2023-01-26 10:42:35.072,0.444,1.0,-1.5,86
2023-01-26 10:47:48.178,0.413,1.0,-0.5,20
2023-01-26 10:49:45.000,0.558,1.0,-0.25,23
2023-01-26 10:51:55.462,0.45,1.0,-0.25,20
2023-01-26 10:52:24.045,0.717,1.0,-0.5,40
2023-01-26 10:53:15.157,0.473,1.0,-3.75,258
2023-01-26 11:01:46.002,0.413,1.0,-0.75,29
2023-01-26 11:02:54.132,0.691,1.0,-2.5,271
2023-01-26 11:09:46.000,0.6,1.0,-0.25,11
2023-01-26 11:10:18.107,0.567,1.0,-0.5,12
2023-01-26 11:12:11.227,0.408,1.0,-0.5,34
2023-01-26 11:12:52.015,0.544,-4.0,0.0,154
2023-01-26 11:16:08.044,0.792,1.0,-0.5,9
2023-01-26 11:16:42.531,0.616,1.0,-1.0,23
2023-01-26 11:20:01.319,0.447,1.0,-0.25,53
2023-01-26 11:21:22.064,0.462,1.0,0.0,10
2023-01-26 11:24:08.338,0.558,1.0,-2.0,105
2023-01-26 11:29:09.115,0.413,1.0,-1.5,118
2023-01-26 11:34:18.028,0.666,1.0,-1.0,92
2023-01-26 11:37:12.136,0.713,1.0,-1.5,202
2023-01-26 11:46:47.061,0.615,1.0,-3.5,214
2023-01-26 12:05:19.117,0.524,1.0,0.0,5
2023-01-26 12:05:33.018,0.607,-4.0,0.0,170
2023-01-26 12:11:10.055,0.623,1.0,-1.25,66
2023-01-26 12:13:50.002,0.49,-4.0,0.0,346
2023-01-26 12:21:21.155,0.464,1.0,-0.25,16
2023-01-26 12:23:25.550,0.415,1.0,-0.75,95
2023-01-26 12:25:14.135,0.618,1.0,0.0,10
2023-01-26 12:25:26.033,0.411,1.0,-2.25,320
2023-01-26 12:33:47.175,0.524,1.0,-2.25,239
2023-01-26 12:39:11.008,0.507,1.0,-0.5,31
2023-01-26 12:40:17.282,0.415,1.0,0.0,0
2023-01-26 12:40:37.146,0.645,1.0,-0.5,52
2023-01-26 12:42:54.092,0.438,1.0,-2.75,183
2023-01-26 12:46:18.071,0.424,1.0,-0.25,22
2023-01-26 12:46:42.017,0.464,-4.0,0.0,233
2023-01-26 12:53:48.174,0.72,-4.0,0.0,436
2023-01-26 13:02:37.025,0.467,1.0,-0.5,47
2023-01-26 13:03:29.537,0.509,1.0,-1.5,174
2023-01-26 13:07:09.009,0.472,1.0,-1.5,65
2023-01-26 13:08:31.186,0.409,1.0,0.0,6
2023-01-26 13:25:59.023,0.41,1.0,-3.75,384
2023-01-26 13:38:24.170,0.656,1.0,-3.0,271
2023-01-26 13:50:09.120,0.405,1.0,-0.5,48
2023-01-26 13:52:19.447,0.463,1.0,-1.75,290
2023-01-26 13:57:47.131,0.505,1.0,-0.25,17
2023-01-26 13:58:25.465,0.438,1.0,-1.0,45
2023-01-26 14:00:26.017,0.41,1.0,-2.0,196
2023-01-26 14:05:01.121,0.534,-4.0,0.0,186
2023-01-26 14:09:27.117,0.475,1.0,-1.5,136
2023-01-26 14:13:13.475,0.679,1.0,-1.75,199
2023-01-26 14:16:39.216,0.753,1.0,-1.25,283
2023-01-26 14:23:21.261,0.579,1.0,-2.25,65
2023-01-26 14:26:28.167,0.511,1.0,-0.75,58
2023-01-26 14:28:01.133,0.648,-4.0,0.0,120
2023-01-26 14:33:07.090,0.417,-4.0,0.0,408
2023-01-26 14:40:40.329,0.454,1.0,-0.25,12
2023-01-26 14:44:15.441,0.576,1.0,-3.25,304
2023-01-26 14:53:40.036,0.89,1.0,-1.0,40
2023-01-26 14:54:23.271,0.65,1.0,-1.0,17
2023-01-26 14:54:43.027,0.804,1.0,-1.25,25
2023-01-26 14:55:14.034,0.75,1.0,-0.25,18
2023-01-26 14:55:34.252,0.786,1.0,-0.25,8
2023-01-26 14:55:48.097,0.641,1.0,-0.25,14
2023-01-26 14:56:31.131,0.475,1.0,-0.25,33
2023-01-26 14:57:25.015,0.496,1.0,0.0,3
2023-01-26 14:57:35.004,0.457,1.0,-2.5,120
2023-01-26 14:59:57.000,0.792,-4.0,0.0,202
2023-01-26 15:06:17.230,0.415,-2.0,0.0,540
2023-01-27 08:30:35.084,0.516,1.0,-0.5,4
2023-01-27 08:43:56.014,0.495,1.0,0.0,2
2023-01-27 08:45:26.205,0.402,1.0,0.0,3
2023-01-27 08:46:57.483,0.482,1.0,-0.25,9
2023-01-27 08:49:37.014,0.508,1.0,-1.75,27
2023-01-27 08:51:20.049,0.579,1.0,-1.75,77
2023-01-27 08:53:15.080,0.433,1.0,-0.75,27
2023-01-27 08:53:44.258,0.553,1.0,-1.5,37
2023-01-27 08:57:14.207,0.402,1.0,-3.75,174
2023-01-27 09:01:08.092,0.686,1.0,-1.25,17
2023-01-27 09:01:38.016,0.798,1.0,-1.75,26
2023-01-27 09:05:20.042,0.609,1.0,-0.75,41
2023-01-27 09:06:59.014,0.444,1.0,-0.25,1
2023-01-27 09:07:04.018,0.432,1.0,-1.0,66
2023-01-27 09:08:28.117,0.461,1.0,-3.5,143
2023-01-27 09:12:10.012,0.499,-4.0,0.0,174
2023-01-27 09:17:03.288,0.426,-4.0,0.0,245
2023-01-27 09:21:25.486,0.719,1.0,0.0,3
2023-01-27 09:28:05.875,0.406,1.0,-0.5,16
2023-01-27 09:33:58.007,0.77,-4.0,0.0,21
2023-01-27 09:34:26.077,0.537,1.0,0.0,6
2023-01-27 09:35:47.106,0.579,1.0,-0.5,9
2023-01-27 09:38:14.231,0.535,-4.0,0.0,214
2023-01-27 09:43:07.097,0.523,1.0,0.0,1
2023-01-27 09:43:33.149,0.416,-4.0,0.0,151
2023-01-27 09:47:13.027,0.618,1.0,0.0,1
2023-01-27 09:47:22.121,0.574,1.0,-0.25,4
2023-01-27 09:47:52.016,0.506,-4.0,0.0,171
2023-01-27 09:51:25.123,0.406,1.0,-1.0,26
2023-01-27 09:53:15.054,0.544,1.0,-1.0,19
2023-01-27 09:54:21.047,0.449,1.0,0.0,4
2023-01-27 09:57:33.049,0.885,1.0,-0.25,14
2023-01-27 09:57:54.030,0.791,1.0,0.0,2
2023-01-27 09:57:58.021,0.918,1.0,-0.5,18
2023-01-27 10:08:40.147,0.534,1.0,-2.25,70
2023-01-27 10:09:53.091,0.457,1.0,-2.25,151
2023-01-27 10:15:16.325,0.475,1.0,-1.0,25
2023-01-27 10:16:50.035,0.492,1.0,-1.75,79
2023-01-27 10:19:03.431,0.544,1.0,-1.0,78
2023-01-27 10:21:07.220,0.583,1.0,-1.25,54
2023-01-27 10:22:13.306,0.558,1.0,-0.5,28
2023-01-27 10:22:46.352,0.44,1.0,-0.25,18
2023-01-27 10:25:53.367,0.547,1.0,-0.25,14
2023-01-27 10:27:26.441,0.581,1.0,-2.5,169
2023-01-27 10:30:28.068,0.413,1.0,-1.75,45
2023-01-27 10:31:16.188,0.517,1.0,-0.25,12
2023-01-27 10:32:00.170,0.575,1.0,-1.0,52
2023-01-27 10:33:02.009,0.491,1.0,-0.25,10
2023-01-27 10:36:14.059,0.514,1.0,0.0,3
2023-01-27 10:36:30.018,0.548,1.0,-0.5,31
2023-01-27 10:38:12.140,0.439,1.0,-0.25,25
2023-01-27 10:46:10.287,0.511,1.0,0.0,10
2023-01-27 10:46:55.484,0.57,1.0,0.0,5
2023-01-27 10:47:21.157,0.768,1.0,-1.25,32
2023-01-27 10:58:34.653,0.438,-4.0,0.0,114
2023-01-27 11:02:17.018,0.525,1.0,-3.5,401
2023-01-27 11:09:54.425,0.656,1.0,0.0,31
2023-01-27 11:13:25.364,0.65,1.0,-0.25,13
2023-01-27 11:15:18.003,0.486,1.0,-0.75,26
2023-01-27 11:21:02.382,0.525,1.0,-0.25,14
2023-01-27 11:41:25.077,0.623,-1.25,0.0,540
2023-01-27 11:50:53.225,0.423,1.0,-2.0,138
2023-01-27 11:53:51.511,0.429,-4.0,0.0,459
2023-01-27 12:02:19.212,0.507,1.0,0.0,6
2023-01-27 12:04:46.142,0.691,1.0,-0.25,30
2023-01-27 12:07:57.001,0.477,-4.0,0.0,498
2023-01-27 12:16:41.123,0.407,1.0,-1.25,124
2023-01-27 12:24:35.007,0.457,1.0,-1.75,233
2023-01-27 12:31:17.168,0.614,1.0,-0.5,148
2023-01-27 12:40:15.966,0.701,-4.0,0.0,91
2023-01-27 12:41:51.297,0.661,1.0,-1.5,164
2023-01-27 12:45:13.438,0.413,1.0,-1.25,100
2023-01-27 12:46:55.026,0.45,1.0,0.0,9
2023-01-27 12:47:13.286,0.461,-3.0,0.0,538
2023-01-27 12:56:17.101,0.42,1.0,0.0,11
2023-01-27 12:56:30.815,0.561,1.0,0.0,3
2023-01-27 12:56:57.915,0.538,1.0,-0.75,41
2023-01-27 12:57:45.030,0.768,1.0,-0.75,26
2023-01-27 12:58:15.094,0.537,1.0,-0.75,132
2023-01-27 13:24:43.173,0.45,1.0,-1.25,249
2023-01-27 13:30:44.040,0.428,1.0,-2.5,537
2023-01-27 14:06:04.275,0.715,1.0,-0.75,71
2023-01-27 14:10:03.283,0.818,1.0,0.0,37
2023-01-27 14:10:43.272,0.502,1.0,-0.25,33
2023-01-27 14:14:14.051,0.816,1.0,-0.75,60
2023-01-27 14:16:03.105,0.518,1.0,-2.5,209
2023-01-27 14:20:27.176,0.593,-4.0,0.0,96
2023-01-27 14:22:41.175,0.418,1.0,0.0,13
2023-01-27 14:23:06.097,0.404,1.0,-0.25,18
2023-01-27 14:24:06.095,0.64,1.0,-0.25,26
2023-01-27 14:32:24.247,0.453,1.0,-0.25,35
2023-01-27 14:35:44.047,0.411,1.0,0.0,54
2023-01-27 14:37:08.026,0.603,-4.0,0.0,148
2023-01-27 14:40:08.039,0.45,1.0,-0.25,17
2023-01-27 14:40:31.039,0.682,-4.0,0.0,256
2023-01-27 14:48:21.243,0.415,-4.0,0.0,135
2023-01-27 14:52:12.090,0.56,-4.0,0.0,90
2023-01-27 14:55:58.032,0.756,1.0,0.0,2
2023-01-27 14:56:14.141,0.421,1.0,-1.0,57
2023-01-27 14:58:58.035,0.435,1.0,-1.75,46
2023-01-27 15:00:12.021,0.556,-4.0,0.0,160
2023-01-27 15:08:16.386,0.479,-0.5,0.0,539
2023-01-27 15:27:11.605,0.438,1.0,-0.25,81
2023-01-27 15:29:03.503,0.467,1.0,-0.25,54
2023-01-30 08:30:08.007,0.659,1.0,0.0,0
2023-01-30 08:30:14.034,0.641,1.0,0.0,0
2023-01-30 08:30:58.117,0.615,1.0,-0.75,23
2023-01-30 08:31:27.026,0.61,1.0,-0.75,4
2023-01-30 08:32:11.100,0.445,1.0,0.0,6
2023-01-30 08:32:18.009,0.472,1.0,-3.25,98
2023-01-30 08:34:03.001,0.512,-4.0,0.0,24
2023-01-30 08:35:10.099,0.551,1.0,-2.75,184
2023-01-30 08:42:26.097,0.499,1.0,0.0,6
2023-01-30 08:42:32.596,0.547,1.0,0.0,4
2023-01-30 08:42:48.020,0.817,1.0,-3.5,99
2023-01-30 08:44:57.000,0.53,1.0,-0.25,7
2023-01-30 08:46:29.371,0.639,1.0,-0.25,4
2023-01-30 08:50:08.230,0.527,1.0,-0.25,4
2023-01-30 08:50:31.129,0.756,1.0,-2.25,115
2023-01-30 08:52:42.049,0.759,1.0,0.0,12
2023-01-30 08:54:06.005,0.711,-4.0,0.0,17
2023-01-30 08:55:07.000,0.585,1.0,-1.75,12
2023-01-30 08:55:26.035,0.472,1.0,-0.75,9
2023-01-30 08:55:46.074,0.749,1.0,-1.25,14
2023-01-30 08:56:43.018,0.549,1.0,-0.25,12
2023-01-30 09:02:52.072,0.437,1.0,-2.0,123
2023-01-30 09:05:21.215,0.603,-4.0,0.0,266
2023-01-30 09:13:31.122,0.493,-4.0,0.0,26
2023-01-30 09:14:13.154,0.47,1.0,-1.5,47
2023-01-30 09:23:49.063,0.474,1.0,-0.25,7
2023-01-30 09:28:03.288,0.498,1.0,-0.25,24
2023-01-30 09:29:02.000,0.455,1.0,0.0,9
2023-01-30 09:29:17.010,0.499,1.0,0.0,0
2023-01-30 09:31:46.031,0.652,1.0,-2.5,77
2023-01-30 09:34:14.001,0.746,1.0,0.0,9
2023-01-30 09:38:47.033,0.469,1.0,-1.0,27
2023-01-30 09:40:43.036,0.548,-4.0,0.0,214
2023-01-30 09:47:34.090,0.583,1.0,-1.75,57
2023-01-30 09:48:37.073,0.516,1.0,-0.25,7
2023-01-30 09:48:56.131,0.618,1.0,-0.75,37
2023-01-30 09:49:36.150,0.467,1.0,-1.0,19
2023-01-30 09:51:05.018,0.543,1.0,-0.25,19
2023-01-30 09:51:50.101,0.403,-4.0,0.0,90
2023-01-30 09:54:27.070,0.506,1.0,-0.25,10
2023-01-30 09:54:40.114,0.611,1.0,-0.75,51
2023-01-30 09:56:22.123,0.514,1.0,-1.25,80
2023-01-30 09:57:54.030,0.546,1.0,-0.5,12
2023-01-30 09:59:30.011,0.411,1.0,-0.25,11
2023-01-30 10:00:10.000,0.409,1.0,-2.0,84
2023-01-30 10:02:16.794,0.612,1.0,-1.0,13
2023-01-30 10:04:04.010,0.416,1.0,-0.25,3
2023-01-30 10:04:27.005,0.564,1.0,-0.75,19
2023-01-30 10:05:45.556,0.425,1.0,-3.5,264
2023-01-30 10:10:28.018,0.469,1.0,-1.75,48
2023-01-30 10:17:09.022,0.432,1.0,-1.75,139
2023-01-30 10:24:48.283,0.4,1.0,0.0,3
2023-01-30 10:24:51.033,0.441,-4.0,0.0,74
2023-01-30 10:26:55.946,0.786,1.0,-1.75,55
2023-01-30 10:28:09.010,0.472,1.0,-0.5,7
2023-01-30 10:28:17.009,0.814,1.0,-1.5,38
2023-01-30 10:29:26.189,0.546,1.0,0.0,37
2023-01-30 10:31:54.153,0.493,1.0,0.0,1
2023-01-30 10:31:59.166,0.598,-4.0,0.0,291
2023-01-30 10:41:29.012,0.587,1.0,-1.5,54
2023-01-30 10:43:54.896,0.484,1.0,-0.25,9
2023-01-30 10:44:56.052,0.413,1.0,-1.5,44
2023-01-30 10:45:45.118,0.504,1.0,-0.25,15
2023-01-30 10:46:11.058,0.433,1.0,0.0,3
2023-01-30 10:46:15.142,0.471,1.0,0.0,3
2023-01-30 10:46:34.289,0.584,-4.0,0.0,153
2023-01-30 10:50:16.713,0.555,1.0,0.0,18
2023-01-30 10:50:42.056,0.49,1.0,0.0,8
2023-01-30 10:50:58.188,0.488,-4.0,0.0,240
2023-01-30 10:55:31.107,0.468,1.0,-0.25,5
2023-01-30 10:55:39.313,0.776,1.0,0.0,7
2023-01-30 10:55:52.517,0.418,1.0,-0.5,11
2023-01-30 10:56:51.728,0.737,1.0,-0.25,14
2023-01-30 10:59:55.104,0.407,1.0,-1.25,82
2023-01-30 11:01:31.136,0.466,-0.5,0.0,540
2023-01-30 11:12:19.419,0.542,1.0,-0.25,7
2023-01-30 11:12:30.536,0.498,1.0,-1.0,112
2023-01-30 11:14:30.066,0.629,-4.0,0.0,94
2023-01-30 11:16:08.040,0.62,1.0,0.0,7
2023-01-30 11:16:24.026,0.52,1.0,0.0,4
2023-01-30 11:16:29.079,0.413,-4.0,0.0,80
2023-01-30 11:20:53.304,0.469,1.0,-2.5,82
2023-01-30 11:23:28.230,0.416,1.0,-0.5,47
2023-01-30 11:24:25.038,0.57,-4.0,0.0,141
2023-01-30 11:27:03.084,0.909,1.0,0.0,4
2023-01-30 11:29:09.174,0.588,1.0,0.0,14
2023-01-30 11:30:29.476,0.486,-3.25,0.0,540
2023-01-30 11:40:24.017,0.423,1.0,0.0,10
2023-01-30 11:40:36.256,0.511,1.0,-1.0,24
2023-01-30 11:41:31.031,0.424,1.0,0.0,2
2023-01-30 11:41:42.021,0.455,1.0,-0.5,19
2023-01-30 11:45:40.489,0.58,1.0,-0.5,43
2023-01-30 11:46:52.041,0.521,-4.0,0.0,221
2023-01-30 11:50:45.016,0.465,1.0,-1.75,123
2023-01-30 11:57:00.047,0.702,-4.0,0.0,307
2023-01-30 12:04:52.159,0.784,1.0,-0.25,12
2023-01-30 12:05:19.007,0.432,1.0,-2.25,396
2023-01-30 12:14:21.234,0.735,1.0,-0.5,57
2023-01-30 12:16:44.001,0.495,1.0,-1.25,38
2023-01-30 12:19:57.469,0.415,1.0,-0.5,28
2023-01-30 12:21:01.075,0.435,1.0,-1.75,203
2023-01-30 12:28:14.017,0.462,1.0,-0.25,44
2023-01-30 12:41:09.032,0.408,1.0,-3.75,526
2023-01-30 12:55:38.157,0.498,1.0,-3.0,228
2023-01-30 13:08:06.135,0.564,-4.0,0.0,241
2023-01-30 13:12:50.044,0.415,1.0,0.0,3
2023-01-30 13:13:09.605,0.408,1.0,-1.0,81
2023-01-30 13:16:00.841,0.487,1.0,-0.5,21
2023-01-30 13:16:42.249,0.63,1.0,-1.75,282
2023-01-30 13:21:28.235,0.534,1.0,0.0,11
2023-01-30 13:22:08.108,0.428,-4.0,0.0,258
2023-01-30 13:31:59.051,0.602,1.0,0.0,7
2023-01-30 13:36:40.239,0.739,1.0,-2.0,73
2023-01-30 13:41:24.342,0.704,1.0,-0.5,7
2023-01-30 13:57:02.331,0.465,1.0,0.0,5
2023-01-30 13:57:20.044,0.412,1.0,0.0,7
2023-01-30 13:57:38.517,0.429,1.0,0.0,11
2023-01-30 13:57:54.020,0.69,1.0,-1.0,72
2023-01-30 13:59:08.042,0.53,1.0,-1.25,64
2023-01-30 14:14:59.100,0.491,-2.0,0.0,540
2023-01-30 14:25:35.168,0.579,1.0,-1.25,143
2023-01-30 14:31:49.106,0.618,1.0,-0.25,18
2023-01-30 14:33:10.428,0.611,1.0,-0.5,62
2023-01-30 14:41:12.139,0.555,-4.0,0.0,344
2023-01-30 14:47:00.006,0.587,1.0,-2.5,188
2023-01-30 14:53:53.048,0.724,1.0,-0.75,39
2023-01-30 14:55:08.035,0.473,1.0,-3.25,263
2023-01-30 15:00:01.000,0.505,1.0,0.0,0
2023-01-30 15:00:07.008,0.465,1.0,-1.0,16
2023-01-30 15:02:59.195,0.6,1.0,-0.75,142
2023-01-30 15:05:32.419,0.667,-1.25,0.0,540
2023-01-30 15:27:52.939,0.493,-0.25,0.0,539
2023-01-31 08:30:33.024,0.453,1.0,-1.25,12
2023-01-31 08:31:02.011,0.547,1.0,-2.0,23
2023-01-31 08:31:29.121,0.699,1.0,-3.25,42
2023-01-31 08:38:21.001,0.589,1.0,-2.5,71
2023-01-31 08:39:44.170,0.44,1.0,-0.25,7
2023-01-31 08:40:20.129,0.589,1.0,0.0,3
2023-01-31 08:40:26.015,0.549,1.0,-0.75,7
2023-01-31 08:41:07.011,0.497,1.0,-1.25,12
2023-01-31 08:41:39.239,0.409,1.0,-1.5,11
2023-01-31 08:42:56.040,0.796,1.0,-2.0,26
2023-01-31 08:45:37.035,0.511,1.0,0.0,1
2023-01-31 08:52:08.032,0.49,1.0,0.0,2
2023-01-31 08:54:44.171,0.438,1.0,0.0,4
2023-01-31 08:55:08.040,0.669,1.0,-1.25,20
2023-01-31 08:59:58.006,0.56,1.0,-1.75,6
2023-01-31 09:00:33.043,0.924,1.0,-0.5,1
2023-01-31 09:00:37.018,0.738,1.0,-1.25,7
2023-01-31 09:00:51.024,0.548,1.0,-3.5,62
2023-01-31 09:01:56.130,0.477,1.0,-0.25,3
2023-01-31 09:15:00.007,0.43,1.0,0.0,0
2023-01-31 09:15:04.079,0.458,1.0,-0.5,18
2023-01-31 09:15:25.021,0.803,1.0,-1.5,43
2023-01-31 09:16:26.103,0.452,1.0,-3.0,35
2023-01-31 09:21:39.037,0.535,1.0,0.0,5
2023-01-31 09:22:07.146,0.669,1.0,-0.5,7
2023-01-31 09:26:05.019,0.437,1.0,-3.0,138
2023-01-31 09:30:46.056,0.691,-4.0,0.0,533
2023-01-31 09:42:59.706,0.409,1.0,-2.25,71
2023-01-31 09:46:26.356,0.544,1.0,-1.5,105
2023-01-31 09:50:04.337,0.555,1.0,0.0,6
2023-01-31 09:59:49.001,0.429,1.0,0.0,10
2023-01-31 10:00:01.002,0.785,1.25,0.0,0
2023-01-31 10:00:08.000,0.866,1.0,0.0,0
2023-01-31 10:00:19.006,0.644,1.0,0.0,1
2023-01-31 10:00:59.174,0.617,1.0,0.0,3
2023-01-31 10:01:28.106,0.716,1.0,-0.75,29
2023-01-31 10:02:03.141,0.469,1.0,-0.75,16
2023-01-31 10:10:39.051,0.406,1.0,0.0,4
2023-01-31 10:11:11.193,0.529,1.0,-0.75,36
2023-01-31 10:11:47.773,0.444,1.0,-2.25,136
2023-01-31 10:14:44.058,0.517,1.0,-0.5,30
2023-01-31 10:18:22.136,0.698,1.0,0.0,10
2023-01-31 10:18:40.100,0.575,1.0,-1.5,82
2023-01-31 10:20:02.030,0.561,1.0,-1.75,165
2023-01-31 10:33:32.968,0.5,1.0,-1.25,153
2023-01-31 10:36:28.328,0.742,1.0,-1.0,33
2023-01-31 10:39:18.074,0.446,1.0,-1.25,64
2023-01-31 10:45:10.006,0.441,1.0,0.0,11
2023-01-31 10:45:22.076,0.59,1.0,-1.0,42
2023-01-31 10:48:15.340,0.513,1.0,-2.25,234
2023-01-31 10:54:43.322,0.474,1.0,-1.25,133
2023-01-31 10:58:09.009,0.559,-4.0,0.0,206
2023-01-31 11:02:31.024,0.487,1.0,-3.25,199
2023-01-31 11:06:22.186,0.427,1.0,-2.5,133
2023-01-31 11:10:04.131,0.441,1.0,-0.25,63
2023-01-31 11:12:04.080,0.729,1.0,-2.5,239
2023-01-31 11:18:21.108,0.405,1.0,0.0,20
2023-01-31 11:21:44.492,0.502,1.0,-0.75,49
2023-01-31 11:29:45.391,0.716,1.0,-2.5,423
2023-01-31 11:36:52.562,0.646,1.0,-0.25,27
2023-01-31 11:40:05.135,0.472,1.0,-0.5,75
2023-01-31 11:41:21.144,0.792,1.0,-0.75,126
2023-01-31 11:45:17.426,0.476,0.25,-2.5,540
2023-01-31 11:54:19.172,0.51,-1.5,0.0,540
2023-01-31 12:03:50.772,0.496,-0.25,0.0,540
2023-01-31 12:17:35.089,0.416,1.0,-0.25,20
2023-01-31 12:23:35.012,0.45,1.0,-2.5,237
2023-01-31 12:35:40.015,0.652,1.0,-2.25,312
2023-01-31 12:46:24.094,0.459,1.0,0.0,8
2023-01-31 12:46:42.385,0.452,1.0,-0.75,25
2023-01-31 12:47:37.009,0.447,1.0,-0.25,37
2023-01-31 12:48:17.376,0.497,1.0,-1.25,116
2023-01-31 12:50:49.520,0.731,1.0,-1.25,368
2023-01-31 13:05:56.664,0.503,1.0,-0.25,57
2023-01-31 13:24:01.231,0.44,1.0,-1.25,253
2023-01-31 13:33:03.198,0.611,1.0,-1.75,451
2023-01-31 13:51:12.054,0.422,1.0,-0.5,9
2023-01-31 13:51:26.200,0.435,1.0,-0.5,50
2023-01-31 13:53:42.181,0.569,1.0,-2.25,484
2023-01-31 14:11:22.096,0.616,-4.0,0.0,393
2023-01-31 14:18:23.127,0.85,1.0,0.0,22
2023-01-31 14:18:46.049,0.632,1.0,-1.5,98
2023-01-31 14:20:45.083,0.492,-4.0,0.0,397
2023-01-31 14:27:58.136,0.706,1.0,0.0,6
2023-01-31 14:28:44.405,0.686,1.0,-1.75,103
